Date:date,year:year,Diesel (nominal):number,"All petrol, unleaded equivalent (nominal):number","All fuel, unleaded petrol equivalent (nominal):number","All fuel, unleaded petrol equivalent (real*):number","Average, all fuel, unleaded petrol equivalent (real*, weighted by consumption):number","All fuel, unleaded petrol equivalent (real*, excl. tax):text","Average, all fuel, unleaded petrol equivalent (real*, weighted by consumption, excl. tax):number","Diesel (nominal, excl. tax):text","All fuel, unleaded petrol equivalent (nominal, excl. tax):text","All petrol, unleaded equivalent (nominal, excl. tax):text"
1980-01-15,,0.364,0.482,0.392,0.986,1.163,,0.459,,,
1980-04-15,,0.39,0.518,0.42,1.047,1.163,,0.459,,,
1980-07-15,,0.4,0.535,0.433,1.077,1.163,,0.459,,,
1980-10-15,,0.401,0.525,0.428,1.052,1.163,,0.459,,,
1981-01-15,,0.414,0.562,0.453,1.023,1.163,,0.459,,,
1981-04-15,,0.459,0.618,0.499,1.095,1.163,,0.459,,,
1981-07-15,,0.465,0.646,0.517,1.101,1.163,,0.459,,,
1981-10-15,,0.476,0.652,0.524,1.083,1.163,,0.459,,,
1982-01-15,,0.486,0.647,0.524,1.15,1.163,,0.459,,,
1982-04-15,,0.479,0.631,0.513,1.105,1.163,,0.459,,,
1982-07-15,,0.5,0.674,0.544,1.136,1.163,,0.459,,,
1982-10-15,,0.529,0.709,0.573,1.171,1.163,,0.459,,,
1983-01-15,,0.53,0.68,0.557,1.117,1.163,,0.459,,,
1983-04-15,,0.508,0.674,0.547,1.084,1.163,,0.459,,,
1983-07-15,,0.515,0.703,0.566,1.101,1.163,,0.459,,,
1983-10-15,,0.527,0.711,0.574,1.091,1.163,,0.459,,,
1984-01-15,,0.535,0.718,0.581,1.09,1.163,,0.459,,,
1984-04-15,,0.539,0.707,0.576,1.066,1.163,,0.459,,,
1984-07-15,,0.537,0.719,0.582,1.058,1.163,,0.459,,,
1984-10-15,,0.571,0.745,0.608,1.083,1.163,,0.459,,,
1985-01-15,,0.576,0.733,0.603,1.063,1.163,,0.459,,,
1985-04-15,,0.609,0.765,0.631,1.097,1.163,,0.459,,,
1985-07-15,,0.572,0.767,0.622,1.069,1.163,,0.459,,,
1985-10-15,,0.58,0.737,0.606,1.028,1.163,,0.459,,,
1986-01-15,,0.543,0.7,0.571,0.992,1.163,,0.459,,,
1986-04-15,,0.482,0.615,0.503,0.874,1.163,,0.459,,,
1986-07-15,,0.432,0.596,0.476,0.819,1.163,,0.459,,,
1986-10-15,,0.444,0.633,0.501,0.853,1.163,,0.459,,,
1987-01-15,,0.446,0.608,0.489,0.818,1.163,,0.459,,,
1987-04-15,,0.447,0.617,0.494,0.819,1.163,,0.459,,,
1987-07-15,,0.438,0.611,0.488,0.801,1.163,,0.459,,,
1987-10-15,,0.452,0.612,0.493,0.804,1.163,,0.459,,,
1988-01-15,,0.44,0.589,0.476,0.771,1.163,,0.459,,,
1988-04-15,,0.44,0.603,0.483,0.772,1.163,,0.459,,,
1988-07-15,,0.441,0.615,0.49,0.771,1.163,,0.459,,,
1988-10-15,,0.438,0.605,0.484,0.752,1.163,,0.459,,,
1989-01-15,,0.461,0.627,0.505,0.775,1.163,,0.459,,,
1989-04-15,,0.48,0.68,0.542,0.815,1.163,,0.459,,,
1989-07-15,,0.466,0.659,0.525,0.781,1.163,,0.459,,,
1989-10-15,,0.498,0.662,0.538,0.79,1.163,,0.459,,,
1990-01-15,,0.526,0.653,0.546,0.793,1.163,,0.459,,,
1990-04-15,,0.499,0.657,0.538,0.772,1.163,,0.459,,,
1990-07-15,,0.487,0.664,0.538,0.764,1.163,,0.459,,,
1990-10-15,,0.608,0.776,0.643,0.9,1.163,,0.459,,,
1991-01-15,,0.581,0.697,0.593,0.825,1.163,,0.459,,,
1991-04-15,,0.548,0.711,0.588,0.809,1.163,,0.459,,,
1991-07-15,,0.568,0.765,0.627,0.85,1.163,,0.459,,,
1991-10-15,,0.585,0.753,0.626,0.841,1.163,,0.459,,,
1992-01-15,,0.558,0.724,0.603,0.804,1.163,,0.459,,,
1992-04-15,,0.569,0.751,0.622,0.825,1.163,,0.459,,,
1992-07-15,,0.571,0.749,0.621,0.82,1.163,,0.459,,,
1992-10-15,,0.566,0.738,0.614,0.807,1.163,,0.459,,,
1993-01-15,,0.572,0.73,0.614,0.803,1.163,,0.459,,,
1993-04-15,,0.58,0.745,0.626,0.807,1.163,,0.459,,,
1993-07-15,,0.582,0.761,0.635,0.814,1.163,,0.459,,,
1994-01-03,,0.603,0.764,0.647,0.814,1.163,,0.459,,,
1994-01-10,,0.601,0.763,0.645,0.813,1.163,,0.459,,,
1994-01-17,,0.61,0.772,0.653,0.823,1.163,,0.459,,,
1994-01-24,,0.61,0.77,0.652,0.822,1.163,,0.459,,,
1994-01-31,,0.61,0.771,0.653,0.822,1.163,,0.459,,,
1994-02-07,,0.611,0.779,0.657,0.825,1.163,,0.459,,,
1994-02-14,,0.609,0.778,0.656,0.824,1.163,,0.459,,,
1994-02-21,,0.605,0.775,0.653,0.82,1.163,,0.459,,,
1994-02-28,,0.601,0.774,0.651,0.817,1.163,,0.459,,,
1994-03-07,,0.602,0.776,0.652,0.816,1.163,,0.459,,,
1994-03-14,,0.598,0.771,0.649,0.811,1.163,,0.459,,,
1994-03-21,,0.595,0.767,0.645,0.807,1.163,,0.459,,,
1994-03-28,,0.595,0.77,0.647,0.809,1.163,,0.459,,,
1994-04-11,,0.6,0.778,0.652,0.813,1.163,,0.459,,,
1994-04-18,,0.604,0.783,0.657,0.819,1.163,,0.459,,,
1994-04-25,,0.604,0.783,0.657,0.819,1.163,,0.459,,,
1994-05-02,,0.607,0.787,0.66,0.822,1.163,,0.459,,,
1994-05-09,,0.604,0.784,0.657,0.818,1.163,,0.459,,,
1994-05-16,,0.607,0.788,0.661,0.822,1.163,,0.459,,,
1994-05-23,,0.603,0.79,0.66,0.822,1.163,,0.459,,,
1994-05-30,,0.602,0.789,0.66,0.821,1.163,,0.459,,,
1994-06-06,,0.601,0.792,0.661,0.821,1.163,,0.459,,,
1994-06-13,,0.6,0.791,0.66,0.82,1.163,,0.459,,,
1994-06-20,,0.599,0.788,0.658,0.817,1.163,,0.459,,,
1994-06-27,,0.599,0.787,0.657,0.816,1.163,,0.459,,,
1994-07-04,,0.598,0.786,0.656,0.814,1.163,,0.459,,,
1994-07-11,,0.595,0.784,0.654,0.812,1.163,,0.459,,,
1994-07-18,,0.592,0.78,0.651,0.808,1.163,,0.459,,,
1994-07-25,,0.595,0.785,0.655,0.813,1.163,,0.459,,,
1994-08-01,,0.595,0.788,0.656,0.812,1.163,,0.459,,,
1994-08-08,,0.602,0.797,0.664,0.821,1.163,,0.459,,,
1994-08-22,,0.594,0.797,0.661,0.817,1.163,,0.459,,,
1994-08-29,,0.593,0.796,0.66,0.817,1.163,,0.459,,,
1994-09-05,,0.592,0.792,0.657,0.811,1.163,,0.459,,,
1994-09-12,,0.59,0.786,0.654,0.807,1.163,,0.459,,,
1994-09-19,,0.591,0.783,0.652,0.805,1.163,,0.459,,,
1994-09-26,,0.591,0.78,0.651,0.803,1.163,,0.459,,,
1994-10-03,,0.589,0.777,0.648,0.798,1.163,,0.459,,,
1994-10-10,,0.59,0.777,0.649,0.798,1.163,,0.459,,,
1994-10-17,,0.593,0.777,0.65,0.8,1.163,,0.459,,,
1994-10-24,,0.593,0.775,0.648,0.798,1.163,,0.459,,,
1994-11-07,,0.592,0.779,0.65,0.799,1.163,,0.459,,,
1994-11-14,,0.592,0.778,0.65,0.798,1.163,,0.459,,,
1994-11-21,,0.594,0.779,0.651,0.8,1.163,,0.459,,,
1994-11-28,,0.59,0.773,0.647,0.795,1.163,,0.459,,,
1994-12-05,,0.596,0.781,0.653,0.801,1.163,,0.459,,,
1994-12-12,,0.595,0.78,0.652,0.8,1.163,,0.459,,,
1994-12-19,,0.591,0.776,0.649,0.795,1.163,,0.459,,,
1995-01-02,,0.602,0.78,0.658,0.803,1.163,,0.459,,,
1995-01-09,,0.599,0.778,0.655,0.8,1.163,,0.459,,,
1995-01-16,,0.603,0.786,0.661,0.807,1.163,,0.459,,,
1995-01-23,,0.604,0.786,0.662,0.808,1.163,,0.459,,,
1995-01-30,,0.6,0.783,0.658,0.804,1.163,,0.459,,,
1995-02-06,,0.599,0.784,0.659,0.801,1.163,,0.459,,,
1995-02-13,,0.601,0.785,0.66,0.802,1.163,,0.459,,,
1995-02-20,,0.597,0.78,0.656,0.797,1.163,,0.459,,,
1995-02-27,,0.598,0.786,0.659,0.801,1.163,,0.459,,,
1995-03-06,,0.599,0.787,0.661,0.799,1.163,,0.459,,,
1995-03-13,,0.594,0.78,0.655,0.792,1.163,,0.459,,,
1995-03-20,,0.591,0.778,0.653,0.789,1.163,,0.459,,,
1995-03-27,,0.593,0.78,0.655,0.792,1.163,,0.459,,,
1995-04-03,,0.594,0.781,0.656,0.789,1.163,,0.459,,,
1995-04-10,,0.598,0.787,0.66,0.795,1.163,,0.459,,,
1995-04-24,,0.597,0.789,0.661,0.796,1.163,,0.459,,,
1995-05-02,,0.599,0.792,0.663,0.798,1.163,,0.459,,,
1995-05-08,,0.6,0.793,0.664,0.8,1.163,,0.459,,,
1995-05-15,,0.605,0.802,0.671,0.808,1.163,,0.459,,,
1995-05-22,,0.602,0.801,0.669,0.805,1.163,,0.459,,,
1995-05-29,,0.604,0.802,0.671,0.807,1.163,,0.459,,,
1995-06-06,,0.604,0.802,0.67,0.806,1.163,,0.459,,,
1995-06-12,,0.603,0.801,0.669,0.804,1.163,,0.459,,,
1995-06-19,,0.603,0.8,0.669,0.804,1.163,,0.459,,,
1995-06-26,,0.598,0.797,0.665,0.799,1.163,,0.459,,,
1995-07-03,,0.593,0.789,0.659,0.791,1.163,,0.459,,,
1995-07-10,,0.593,0.788,0.658,0.79,1.163,,0.459,,,
1995-07-17,,0.595,0.788,0.659,0.791,1.163,,0.459,,,
1995-07-24,,0.594,0.786,0.658,0.79,1.163,,0.459,,,
1995-07-31,,0.592,0.782,0.655,0.786,1.163,,0.459,,,
1995-08-07,,0.595,0.788,0.659,0.79,1.163,,0.459,,,
1995-08-21,,0.599,0.795,0.664,0.796,1.163,,0.459,,,
1995-08-28,,0.605,0.799,0.669,0.802,1.163,,0.459,,,
1995-09-04,,0.605,0.799,0.669,0.801,1.163,,0.459,,,
1995-09-11,,0.604,0.796,0.667,0.799,1.163,,0.459,,,
1995-09-18,,0.609,0.802,0.672,0.804,1.163,,0.459,,,
1995-09-25,,0.606,0.795,0.667,0.798,1.163,,0.459,,,
1995-10-02,,0.605,0.794,0.666,0.796,1.163,,0.459,,,
1995-10-09,,0.601,0.789,0.662,0.791,1.163,,0.459,,,
1995-10-16,,0.6,0.787,0.661,0.79,1.163,,0.459,,,
1995-10-23,,0.598,0.785,0.659,0.787,1.163,,0.459,,,
1995-10-30,,0.599,0.788,0.661,0.789,1.163,,0.459,,,
1995-11-06,,0.598,0.787,0.66,0.833,1.163,,0.459,,,
1995-11-13,,0.602,0.79,0.663,0.837,1.163,,0.459,,,
1995-11-20,,0.601,0.791,0.663,0.837,1.163,,0.459,,,
1995-11-27,,0.606,0.796,0.668,0.843,1.163,,0.459,,,
1995-12-04,,0.61,0.801,0.672,0.9,1.163,,0.459,,,
1995-12-11,,0.615,0.802,0.675,0.904,1.163,,0.459,,,
1995-12-18,,0.618,0.801,0.675,0.904,1.163,,0.459,,,
1996-01-08,,0.63,0.807,0.684,0.977,1.163,,0.459,,,
1996-01-15,,0.639,0.811,0.69,0.985,1.163,,0.459,,,
1996-01-22,,0.636,0.809,0.688,0.981,1.163,,0.459,,,
1996-01-29,,0.632,0.807,0.685,0.977,1.163,,0.459,,,
1996-02-05,,0.63,0.808,0.685,0.973,1.163,,0.459,,,
1996-02-12,,0.632,0.807,0.685,0.973,1.163,,0.459,,,
1996-02-19,,0.636,0.807,0.687,0.976,1.163,,0.459,,,
1996-02-26,,0.639,0.806,0.687,0.977,1.163,,0.459,,,
1996-03-04,,0.64,0.809,0.689,0.976,1.163,,0.459,,,
1996-03-11,,0.64,0.813,0.691,0.978,1.163,,0.459,,,
1996-03-18,,0.641,0.816,0.694,0.982,1.163,,0.459,,,
1996-03-25,,0.644,0.819,0.696,0.985,1.163,,0.459,,,
1996-04-01,,0.65,0.822,0.7,0.987,1.163,,0.459,,,
1996-04-15,,0.658,0.839,0.712,1.004,1.163,,0.459,,,
1996-04-22,,0.656,0.839,0.712,1.003,1.163,,0.459,,,
1996-04-29,,0.652,0.839,0.71,1.001,1.163,,0.459,,,
1996-05-06,,0.647,0.842,0.71,0.998,1.163,,0.459,,,
1996-05-13,,0.645,0.844,0.709,0.997,1.163,,0.459,,,
1996-05-20,,0.645,0.845,0.71,0.998,1.163,,0.459,,,
1996-05-28,,0.643,0.845,0.709,0.997,1.163,,0.459,,,
1996-06-03,,0.641,0.84,0.706,0.992,1.163,,0.459,,,
1996-06-10,,0.637,0.833,0.701,0.985,1.163,,0.459,,,
1996-06-17,,0.633,0.829,0.697,0.979,1.163,,0.459,,,
1996-06-24,,0.634,0.833,0.699,0.983,1.163,,0.459,,,
1996-07-01,,0.633,0.829,0.697,0.981,1.163,,0.459,,,
1996-07-08,,0.634,0.831,0.698,0.982,1.163,,0.459,,,
1996-07-15,,0.638,0.834,0.702,0.987,1.163,,0.459,,,
1996-07-22,,0.642,0.839,0.706,0.993,1.163,,0.459,,,
1996-07-29,,0.64,0.834,0.702,0.988,1.163,,0.459,,,
1996-08-05,,0.64,0.835,0.703,0.988,1.163,,0.459,,,
1996-08-19,,0.644,0.841,0.708,0.995,1.163,,0.459,,,
1996-08-26,,0.643,0.84,0.707,0.994,1.163,,0.459,,,
1996-09-02,,0.647,0.843,0.71,0.996,1.163,,0.459,,,
1996-09-09,,0.658,0.846,0.716,1.004,1.163,,0.459,,,
1996-09-16,,0.67,0.849,0.722,1.013,1.163,,0.459,,,
1996-09-23,,0.678,0.854,0.728,1.021,1.163,,0.459,,,
1996-09-30,,0.677,0.85,0.725,1.018,1.163,,0.459,,,
1996-10-07,,0.685,0.854,0.731,1.025,1.163,,0.459,,,
1996-10-14,,0.697,0.858,0.738,1.035,1.163,,0.459,,,
1996-10-21,,0.7,0.86,0.741,1.038,1.163,,0.459,,,
1996-10-28,,0.7,0.863,0.742,1.04,1.163,,0.459,,,
1996-11-04,,0.697,0.864,0.741,1.04,1.163,,0.459,,,
1996-11-11,,0.692,0.863,0.739,1.036,1.163,,0.459,,,
1996-11-18,,0.692,0.865,0.74,1.038,1.163,,0.459,,,
1996-11-25,,0.691,0.864,0.739,1.037,1.163,,0.459,,,
1996-12-02,,0.698,0.875,0.747,1.046,1.163,,0.459,,,
1996-12-09,,0.702,0.876,0.749,1.049,1.163,,0.459,,,
1996-12-16,,0.697,0.871,0.745,1.043,1.163,,0.459,,,
1997-01-06,,0.698,0.872,0.746,1.042,1.163,,0.459,,,
1997-01-13,,0.706,0.878,0.752,1.051,1.163,,0.459,,,
1997-01-20,,0.708,0.883,0.755,1.056,1.163,,0.459,,,
1997-01-27,,0.703,0.878,0.75,1.049,1.163,,0.459,,,
1997-02-03,,0.7,0.876,0.749,1.044,1.163,,0.459,,,
1997-02-10,,0.702,0.88,0.751,1.048,1.163,,0.459,,,
1997-02-17,,0.697,0.879,0.748,1.044,1.163,,0.459,,,
1997-02-24,,0.693,0.875,0.745,1.039,1.163,,0.459,,,
1997-03-03,,0.691,0.874,0.744,1.036,1.163,,0.459,,,
1997-03-10,,0.685,0.874,0.741,1.032,1.163,,0.459,,,
1997-03-17,,0.684,0.876,0.742,1.033,1.163,,0.459,,,
1997-03-24,,0.683,0.875,0.741,1.032,1.163,,0.459,,,
1997-04-07,,0.68,0.874,0.739,1.027,1.163,,0.459,,,
1997-04-14,,0.679,0.874,0.739,1.027,1.163,,0.459,,,
1997-04-21,,0.676,0.87,0.735,1.022,1.163,,0.459,,,
1997-04-28,,0.676,0.872,0.737,1.024,1.163,,0.459,,,
1997-05-05,,0.676,0.871,0.736,1.019,1.163,,0.459,,,
1997-05-12,,0.678,0.875,0.739,1.023,1.163,,0.459,,,
1997-05-19,,0.676,0.873,0.737,1.021,1.163,,0.459,,,
1997-05-26,,0.678,0.876,0.74,1.025,1.163,,0.459,,,
1997-06-02,,0.679,0.879,0.741,1.026,1.163,,0.459,,,
1997-06-09,,0.678,0.879,0.741,1.026,1.163,,0.459,,,
1997-06-16,,0.672,0.874,0.736,1.019,1.163,,0.459,,,
1997-06-23,,0.673,0.875,0.737,1.02,1.163,,0.459,,,
1997-06-30,,0.669,0.872,0.733,1.016,1.163,,0.459,,,
1997-07-07,,0.681,0.889,0.747,1.036,1.163,,0.459,,,
1997-07-14,,0.683,0.892,0.75,1.039,1.163,,0.459,,,
1997-07-28,,0.685,0.896,0.753,1.044,1.163,,0.459,,,
1997-08-04,,0.69,0.901,0.758,1.048,1.163,,0.459,,,
1997-08-11,,0.701,0.915,0.769,1.064,1.163,,0.459,,,
1997-08-18,,0.699,0.913,0.768,1.062,1.163,,0.459,,,
1997-08-25,,0.699,0.917,0.77,1.064,1.163,,0.459,,,
1997-09-01,,0.697,0.916,0.768,1.06,1.163,,0.459,,,
1997-09-08,,0.693,0.911,0.764,1.054,1.163,,0.459,,,
1997-09-15,,0.689,0.909,0.761,1.05,1.163,,0.459,,,
1997-09-22,,0.69,0.911,0.763,1.052,1.163,,0.459,,,
1997-09-29,,0.69,0.906,0.76,1.049,1.163,,0.459,,,
1997-10-06,,0.692,0.905,0.761,1.049,1.163,,0.459,,,
1997-10-13,,0.695,0.904,0.761,1.05,1.163,,0.459,,,
1997-10-20,,0.695,0.905,0.762,1.051,1.163,,0.459,,,
1997-10-27,,0.696,0.904,0.762,1.051,1.163,,0.459,,,
1997-11-03,,0.698,0.905,0.763,1.053,1.163,,0.459,,,
1997-11-10,,0.699,0.901,0.761,1.05,1.163,,0.459,,,
1997-11-17,,0.696,0.899,0.758,1.047,1.163,,0.459,,,
1997-11-24,,0.694,0.896,0.757,1.045,1.163,,0.459,,,
1997-12-01,,0.695,0.895,0.757,1.042,1.163,,0.459,,,
1997-12-08,,0.692,0.894,0.754,1.039,1.163,,0.459,,,
1997-12-15,,0.69,0.891,0.752,1.036,1.163,,0.459,,,
1998-01-05,,0.684,0.888,0.746,1.03,1.163,,0.459,,,
1998-01-12,,0.682,0.886,0.745,1.027,1.163,,0.459,,,
1998-01-19,,0.676,0.882,0.74,1.021,1.163,,0.459,,,
1998-01-26,,0.674,0.881,0.738,1.019,1.163,,0.459,,,
1998-02-02,,0.673,0.88,0.738,1.016,1.163,,0.459,,,
1998-02-09,,0.675,0.882,0.739,1.018,1.163,,0.459,,,
1998-02-16,,0.67,0.876,0.734,1.011,1.163,,0.459,,,
1998-02-23,,0.669,0.876,0.734,1.011,1.163,,0.459,,,
1998-03-02,,0.667,0.875,0.732,1.007,1.163,,0.459,,,
1998-03-09,,0.666,0.876,0.732,1.007,1.163,,0.459,,,
1998-03-16,,0.661,0.87,0.727,1.0,1.163,,0.459,,,
1998-03-23,,0.666,0.876,0.732,1.008,1.163,,0.459,,,
1998-03-30,,0.672,0.883,0.739,1.017,1.163,,0.459,,,
1998-04-06,,0.675,0.885,0.741,1.015,1.163,,0.459,,,
1998-04-20,,0.673,0.883,0.739,1.012,1.163,,0.459,,,
1998-04-27,,0.672,0.882,0.738,1.011,1.163,,0.459,,,
1998-05-04,,0.671,0.881,0.737,1.006,1.163,,0.459,,,
1998-05-11,,0.67,0.878,0.735,1.004,1.163,,0.459,,,
1998-05-18,,0.668,0.878,0.735,1.003,1.163,,0.459,,,
1998-05-25,,0.665,0.877,0.732,1.0,1.163,,0.459,,,
1998-06-01,,0.664,0.876,0.732,0.999,1.163,,0.459,,,
1998-06-08,,0.662,0.873,0.729,0.996,1.163,,0.459,,,
1998-06-15,,0.662,0.875,0.73,0.996,1.163,,0.459,,,
1998-06-22,,0.661,0.878,0.731,0.998,1.163,,0.459,,,
1998-06-29,,0.663,0.881,0.734,1.002,1.163,,0.459,,,
1998-07-06,,0.662,0.878,0.732,1.0,1.163,,0.459,,,
1998-07-13,,0.661,0.881,0.733,1.001,1.163,,0.459,,,
1998-07-20,,0.662,0.882,0.734,1.002,1.163,,0.459,,,
1998-07-27,,0.66,0.883,0.733,1.002,1.163,,0.459,,,
1998-08-03,,0.657,0.878,0.73,0.996,1.163,,0.459,,,
1998-08-10,,0.656,0.875,0.728,0.994,1.163,,0.459,,,
1998-08-17,,0.654,0.874,0.727,0.992,1.163,,0.459,,,
1998-08-24,,0.654,0.875,0.727,0.992,1.163,,0.459,,,
1998-08-31,,0.653,0.875,0.726,0.991,1.163,,0.459,,,
1998-09-07,,0.652,0.871,0.724,0.987,1.163,,0.459,,,
1998-09-14,,0.652,0.868,0.723,0.986,1.163,,0.459,,,
1998-09-21,,0.654,0.866,0.722,0.985,1.163,,0.459,,,
1998-09-28,,0.656,0.867,0.724,0.987,1.163,,0.459,,,
1998-10-05,,0.654,0.864,0.722,0.985,1.163,,0.459,,,
1998-10-12,,0.654,0.864,0.721,0.984,1.163,,0.459,,,
1998-10-19,,0.651,0.861,0.719,0.981,1.163,,0.459,,,
1998-10-26,,0.65,0.86,0.718,0.979,1.163,,0.459,,,
1998-11-02,,0.647,0.858,0.715,0.977,1.163,,0.459,,,
1998-11-09,,0.648,0.858,0.715,0.977,1.163,,0.459,,,
1998-11-16,,0.646,0.856,0.714,0.975,1.163,,0.459,,,
1998-11-23,,0.646,0.854,0.713,0.973,1.163,,0.459,,,
1998-11-30,,0.641,0.848,0.707,0.966,1.163,,0.459,,,
1998-12-07,,0.638,0.846,0.705,0.962,1.163,,0.459,,,
1998-12-14,,0.634,0.841,0.701,0.956,1.163,,0.459,,,
1999-01-04,,0.629,0.833,0.694,0.948,1.163,,0.459,,,
1999-01-11,,0.636,0.839,0.7,0.957,1.163,,0.459,,,
1999-01-18,,0.642,0.843,0.705,0.963,1.163,,0.459,,,
1999-01-25,,0.643,0.846,0.706,0.965,1.163,,0.459,,,
1999-02-01,,0.644,0.847,0.707,0.965,1.163,,0.459,,,
1999-02-08,,0.642,0.848,0.707,0.964,1.163,,0.459,,,
1999-02-15,,0.636,0.842,0.701,0.957,1.163,,0.459,,,
1999-02-22,,0.637,0.845,0.703,0.959,1.163,,0.459,,,
1999-03-01,,0.636,0.844,0.702,0.954,1.163,,0.459,,,
1999-03-08,,0.623,0.829,0.689,0.936,1.163,,0.459,,,
1999-03-15,,0.653,0.863,0.719,0.977,1.163,,0.459,,,
1999-03-22,,0.663,0.876,0.73,0.993,1.163,,0.459,,,
1999-03-29,,0.675,0.891,0.743,1.01,1.163,,0.459,,,
1999-04-12,,0.692,0.909,0.76,1.028,1.163,,0.459,,,
1999-04-19,,0.698,0.916,0.766,1.036,1.163,,0.459,,,
1999-04-26,,0.699,0.919,0.768,1.039,1.163,,0.459,,,
1999-05-03,,0.698,0.918,0.767,1.036,1.163,,0.459,,,
1999-05-10,,0.694,0.915,0.764,1.032,1.163,,0.459,,,
1999-05-17,,0.69,0.912,0.76,1.028,1.163,,0.459,,,
1999-05-24,,0.691,0.915,0.762,1.029,1.163,,0.459,,,
1999-05-31,,0.691,0.917,0.763,1.031,1.163,,0.459,,,
1999-06-07,,0.695,0.923,0.768,1.038,1.163,,0.459,,,
1999-06-14,,0.693,0.922,0.767,1.036,1.163,,0.459,,,
1999-06-21,,0.696,0.925,0.769,1.04,1.163,,0.459,,,
1999-06-28,,0.7,0.926,0.772,1.043,1.163,,0.459,,,
1999-07-05,,0.711,0.93,0.778,1.052,1.163,,0.459,,,
1999-07-12,,0.722,0.943,0.79,1.068,1.163,,0.459,,,
1999-07-19,,0.729,0.949,0.796,1.076,1.163,,0.459,,,
1999-07-26,,0.722,0.941,0.789,1.066,1.163,,0.459,,,
1999-08-02,,0.727,0.948,0.795,1.073,1.163,,0.459,,,
1999-08-09,,0.725,0.947,0.793,1.071,1.163,,0.459,,,
1999-08-16,,0.734,0.963,0.805,1.086,1.163,,0.459,,,
1999-08-23,,0.738,0.968,0.81,1.093,1.163,,0.459,,,
1999-08-30,,0.744,0.972,0.814,1.099,1.163,,0.459,,,
1999-09-06,,0.744,0.97,0.813,1.095,1.163,,0.459,,,
1999-09-13,,0.746,0.974,0.816,1.099,1.163,,0.459,,,
1999-09-20,,0.754,0.983,0.825,1.11,1.163,,0.459,,,
1999-09-27,,0.76,0.988,0.829,1.116,1.163,,0.459,,,
1999-10-04,,0.758,0.983,0.826,1.112,1.163,,0.459,,,
1999-10-11,,0.76,0.986,0.829,1.116,1.163,,0.459,,,
1999-10-18,,0.753,0.967,0.816,1.098,1.163,,0.459,,,
1999-10-25,,0.755,0.972,0.819,1.102,1.163,,0.459,,,
1999-11-02,,0.758,0.971,0.82,1.103,1.163,,0.459,,,
1999-11-08,,0.754,0.965,0.816,1.097,1.163,,0.459,,,
1999-11-15,,0.764,0.971,0.823,1.107,1.163,,0.459,,,
1999-11-22,,0.777,0.981,0.833,1.121,1.163,,0.459,,,
1999-11-29,,0.796,0.993,0.848,1.14,1.163,,0.459,,,
1999-12-06,,0.801,0.996,0.852,1.141,1.163,,0.459,,,
1999-12-13,,0.806,1.001,0.857,1.147,1.163,,0.459,,,
2000-01-03,,0.823,1.018,0.874,1.173,1.163,,0.459,,,
2000-01-10,,0.821,1.01,0.869,1.166,1.163,,0.459,,,
2000-01-17,,0.815,1.004,0.863,1.159,1.163,,0.459,,,
2000-01-24,,0.821,1.013,0.87,1.169,1.163,,0.459,,,
2000-01-31,,0.825,1.015,0.873,1.173,1.163,,0.459,,,
2000-02-07,,0.824,1.016,0.873,1.169,1.163,,0.459,,,
2000-02-14,,0.825,1.017,0.874,1.17,1.163,,0.459,,,
2000-02-21,,0.829,1.032,0.883,1.183,1.163,,0.459,,,
2000-02-28,,0.83,1.041,0.888,1.189,1.163,,0.459,,,
2000-03-06,,0.838,1.055,0.899,1.2,1.163,,0.459,,,
2000-03-13,,0.846,1.067,0.908,1.212,1.163,,0.459,,,
2000-03-20,,0.843,1.067,0.906,1.21,1.163,,0.459,,,
2000-03-27,,0.841,1.069,0.907,1.211,1.163,,0.459,,,
2000-04-03,,0.839,1.069,0.906,1.207,1.163,,0.459,,,
2000-04-10,,0.832,1.06,0.898,1.197,1.163,,0.459,,,
2000-04-17,,0.828,1.057,0.895,1.192,1.163,,0.459,,,
2000-04-24,,0.829,1.057,0.895,1.193,1.163,,0.459,,,
2000-05-01,,0.836,1.072,0.906,1.205,1.163,,0.459,,,
2000-05-08,,0.837,1.07,0.906,1.205,1.163,,0.459,,,
2000-05-15,,0.832,1.065,0.9,1.197,1.163,,0.459,,,
2000-05-22,,0.842,1.088,0.916,1.218,1.163,,0.459,,,
2000-05-29,,0.845,1.104,0.926,1.23,1.163,,0.459,,,
2000-06-05,,0.846,1.109,0.928,1.231,1.163,,0.459,,,
2000-06-12,,0.85,1.116,0.934,1.237,1.163,,0.459,,,
2000-06-19,,0.849,1.115,0.933,1.236,1.163,,0.459,,,
2000-06-26,,0.85,1.124,0.938,1.243,1.163,,0.459,,,
2000-07-03,,0.851,1.125,0.939,1.245,1.163,,0.459,,,
2000-07-10,,0.856,1.124,0.94,1.247,1.163,,0.459,,,
2000-07-17,,0.85,1.115,0.933,1.237,1.163,,0.459,,,
2000-07-24,,0.857,1.11,0.934,1.239,1.163,,0.459,,,
2000-07-31,,0.854,1.092,0.924,1.226,1.163,,0.459,,,
2000-08-07,,0.859,1.093,0.926,1.228,1.163,,0.459,,,
2000-08-14,,0.866,1.1,0.933,1.237,1.163,,0.459,,,
2000-08-21,,0.869,1.094,0.931,1.234,1.163,,0.459,,,
2000-08-28,,0.885,1.095,0.939,1.244,1.163,,0.459,,,
2000-09-04,,0.904,1.099,0.95,1.251,1.163,,0.459,,,
2000-09-11,,0.918,1.112,0.963,1.269,1.163,,0.459,,,
2000-09-18,,0.934,1.117,0.972,1.281,1.163,,0.459,,,
2000-09-25,,0.941,1.12,0.977,1.287,1.163,,0.459,,,
2000-10-02,,0.919,1.101,0.958,1.262,1.163,,0.459,,,
2000-10-09,,0.915,1.093,0.952,1.254,1.163,,0.459,,,
2000-10-16,,0.934,1.106,0.967,1.274,1.163,,0.459,,,
2000-10-23,,0.95,1.13,0.986,1.3,1.163,,0.459,,,
2000-11-06,,0.944,1.119,0.978,1.288,1.163,,0.459,,,
2000-11-13,,0.937,1.107,0.968,1.276,1.163,,0.459,,,
2000-11-20,,0.948,1.108,0.974,1.284,1.163,,0.459,,,
2000-11-27,,0.961,1.113,0.983,1.294,1.163,,0.459,,,
2000-12-04,,0.95,1.099,0.971,1.275,1.163,,0.459,,,
2000-12-11,,0.934,1.081,0.955,1.254,1.163,,0.459,,,
2000-12-18,,0.911,1.06,0.934,1.227,1.163,,0.459,,,
2001-01-08,,0.876,1.021,0.9,1.189,1.163,,0.459,,,
2001-01-15,,0.859,1.016,0.889,1.175,1.163,,0.459,,,
2001-01-22,,0.854,1.029,0.893,1.18,1.163,,0.459,,,
2001-01-29,,0.857,1.04,0.9,1.189,1.163,,0.459,,,
2001-02-05,,0.854,1.041,0.899,1.185,1.163,,0.459,,,
2001-02-12,,0.856,1.05,0.904,1.191,1.163,,0.459,,,
2001-02-20,,0.859,1.053,0.907,1.195,1.163,,0.459,,,
2001-02-27,,0.858,1.052,0.906,1.194,1.163,,0.459,,,
2001-03-05,,0.853,1.053,0.904,1.185,1.163,,0.459,,,
2001-03-12,,0.842,1.035,0.89,1.167,1.163,,0.459,,,
2001-03-19,,0.839,1.036,0.889,1.165,1.163,,0.459,,,
2001-03-26,,0.841,1.041,0.892,1.17,1.163,,0.459,,,
2001-04-02,,0.844,1.052,0.9,1.171,1.163,,0.459,,,
2001-04-09,,0.84,1.063,0.903,1.175,1.163,,0.459,,,
2001-04-23,,0.856,1.092,0.924,1.202,1.163,,0.459,,,
2001-04-30,,0.852,1.093,0.923,1.201,1.163,,0.459,,,
2001-05-07,,0.856,1.106,0.931,1.204,1.163,,0.459,,,
2001-05-14,,0.859,1.119,0.938,1.214,1.163,,0.459,,,
2001-05-21,,0.855,1.118,0.936,1.212,1.163,,0.459,,,
2001-05-28,,0.859,1.12,0.939,1.215,1.163,,0.459,,,
2001-06-04,,0.866,1.122,0.943,1.219,1.163,,0.459,,,
2001-06-11,,0.862,1.105,0.933,1.206,1.163,,0.459,,,
2001-06-18,,0.865,1.101,0.932,1.205,1.163,,0.459,,,
2001-06-25,,0.868,1.083,0.926,1.197,1.163,,0.459,,,
2001-07-02,,0.866,1.076,0.921,1.195,1.163,,0.459,,,
2001-07-09,,0.864,1.066,0.916,1.188,1.163,,0.459,,,
2001-07-16,,0.856,1.056,0.907,1.176,1.163,,0.459,,,
2001-07-23,,0.849,1.048,0.899,1.167,1.163,,0.459,,,
2001-07-30,,0.846,1.04,0.894,1.16,1.163,,0.459,,,
2001-08-06,,0.845,1.039,0.894,1.159,1.163,,0.459,,,
2001-08-13,,0.843,1.034,0.89,1.154,1.163,,0.459,,,
2001-08-20,,0.84,1.035,0.889,1.153,1.163,,0.459,,,
2001-08-27,,0.835,1.03,0.885,1.147,1.163,,0.459,,,
2001-09-03,,0.839,1.04,0.891,1.152,1.163,,0.459,,,
2001-09-10,,0.844,1.052,0.899,1.163,1.163,,0.459,,,
2001-09-17,,0.846,1.05,0.899,1.162,1.163,,0.459,,,
2001-09-24,,0.853,1.052,0.903,1.168,1.163,,0.459,,,
2001-10-01,,0.836,1.03,0.885,1.145,1.163,,0.459,,,
2001-10-08,,0.828,1.014,0.874,1.13,1.163,,0.459,,,
2001-10-15,,0.834,1.003,0.871,1.127,1.163,,0.459,,,
2001-10-22,,0.836,0.991,0.866,1.12,1.163,,0.459,,,
2001-10-29,,0.831,0.981,0.859,1.111,1.163,,0.459,,,
2001-11-05,,0.827,0.98,0.857,1.11,1.163,,0.459,,,
2001-11-12,,0.819,0.975,0.85,1.101,1.163,,0.459,,,
2001-11-19,,0.817,0.973,0.849,1.099,1.163,,0.459,,,
2001-11-26,,0.809,0.962,0.84,1.088,1.163,,0.459,,,
2001-12-03,,0.805,0.963,0.838,1.081,1.163,,0.459,,,
2001-12-10,,0.805,0.964,0.839,1.082,1.163,,0.459,,,
2001-12-17,,0.801,0.959,0.835,1.077,1.163,,0.459,,,
2002-01-07,,0.801,0.977,0.819,1.06,1.163,,0.459,,,
2002-01-14,,0.806,0.993,0.828,1.071,1.163,,0.459,,,
2002-01-21,,0.801,0.989,0.824,1.066,1.163,,0.459,,,
2002-01-28,,0.799,0.988,0.822,1.064,1.163,,0.459,,,
2002-02-04,,0.807,1,0.831,1.075,1.163,,0.459,,,
2002-02-11,,0.805,0.998,0.829,1.072,1.163,,0.459,,,
2002-02-18,,0.803,0.999,0.829,1.072,1.163,,0.459,,,
2002-02-25,,0.805,1.004,0.832,1.076,1.163,,0.459,,,
2002-03-04,,0.804,1.006,0.832,1.07,1.163,,0.459,,,
2002-03-11,,0.816,1.019,0.843,1.084,1.163,,0.459,,,
2002-03-18,,0.827,1.033,0.855,1.099,1.163,,0.459,,,
2002-03-25,,0.834,1.046,0.864,1.111,1.163,,0.459,,,
2002-04-08,,0.845,1.073,0.88,1.125,1.163,,0.459,,,
2002-04-15,,0.848,1.081,0.885,1.131,1.163,,0.459,,,
2002-04-22,,0.837,1.071,0.875,1.119,1.163,,0.459,,,
2002-04-29,,0.84,1.073,0.877,1.121,1.163,,0.459,,,
2002-05-06,,0.838,1.069,0.875,1.115,1.163,,0.459,,,
2002-05-13,,0.833,1.06,0.869,1.108,1.163,,0.459,,,
2002-05-20,,0.839,1.066,0.874,1.114,1.163,,0.459,,,
2002-05-27,,0.835,1.065,0.871,1.11,1.163,,0.459,,,
2002-06-03,,0.824,1.053,0.861,1.097,1.163,,0.459,,,
2002-06-10,,0.816,1.044,0.853,1.087,1.163,,0.459,,,
2002-06-17,,0.814,1.043,0.852,1.086,1.163,,0.459,,,
2002-06-24,,0.812,1.038,0.849,1.081,1.163,,0.459,,,
2002-07-01,,0.809,1.038,0.847,1.081,1.163,,0.459,,,
2002-07-08,,0.811,1.04,0.849,1.083,1.163,,0.459,,,
2002-07-15,,0.809,1.039,0.847,1.081,1.163,,0.459,,,
2002-07-22,,0.816,1.042,0.852,1.088,1.163,,0.459,,,
2002-07-29,,0.816,1.046,0.854,1.09,1.163,,0.459,,,
2002-08-05,,0.817,1.051,0.856,1.092,1.163,,0.459,,,
2002-08-12,,0.815,1.047,0.854,1.088,1.163,,0.459,,,
2002-08-19,,0.817,1.046,0.854,1.089,1.163,,0.459,,,
2002-08-26,,0.823,1.047,0.858,1.094,1.163,,0.459,,,
2002-09-02,,0.826,1.05,0.861,1.095,1.163,,0.459,,,
2002-09-09,,0.831,1.057,0.866,1.101,1.163,,0.459,,,
2002-09-16,,0.836,1.063,0.871,1.108,1.163,,0.459,,,
2002-09-23,,0.84,1.063,0.874,1.111,1.163,,0.459,,,
2002-09-30,,0.845,1.066,0.878,1.116,1.163,,0.459,,,
2002-10-07,,0.852,1.069,0.882,1.119,1.163,,0.459,,,
2002-10-14,,0.85,1.063,0.879,1.115,1.163,,0.459,,,
2002-10-21,,0.851,1.061,0.879,1.115,1.163,,0.459,,,
2002-10-28,,0.847,1.06,0.877,1.112,1.163,,0.459,,,
2002-11-04,,0.836,1.051,0.867,1.101,1.163,,0.459,,,
2002-11-11,,0.825,1.039,0.856,1.088,1.163,,0.459,,,
2002-11-18,,0.817,1.029,0.848,1.077,1.163,,0.459,,,
2002-11-25,,0.821,1.027,0.849,1.079,1.163,,0.459,,,
2002-12-02,,0.827,1.031,0.854,1.08,1.163,,0.459,,,
2002-12-09,,0.83,1.034,0.857,1.084,1.163,,0.459,,,
2002-12-16,,0.829,1.033,0.856,1.082,1.163,,0.459,,,
2003-01-06,,0.856,1.061,0.88,1.115,1.163,,0.459,,,
2003-01-13,,0.854,1.055,0.876,1.11,1.163,,0.459,,,
2003-01-20,,0.851,1.058,0.876,1.109,1.163,,0.459,,,
2003-01-27,,0.854,1.062,0.879,1.113,1.163,,0.459,,,
2003-02-03,,0.856,1.069,0.883,1.114,1.163,,0.459,,,
2003-02-10,,0.859,1.072,0.886,1.118,1.163,,0.459,,,
2003-02-17,,0.877,1.086,0.901,1.137,1.163,,0.459,,,
2003-02-24,,0.878,1.079,0.899,1.134,1.163,,0.459,,,
2003-03-03,,0.891,1.082,0.908,1.138,1.163,,0.459,,,
2003-03-10,,0.899,1.081,0.912,1.144,1.163,,0.459,,,
2003-03-17,,0.915,1.083,0.921,1.156,1.163,,0.459,,,
2003-03-24,,0.906,1.069,0.911,1.143,1.163,,0.459,,,
2003-03-31,,0.885,1.053,0.893,1.121,1.163,,0.459,,,
2003-04-07,,0.864,1.061,0.884,1.106,1.163,,0.459,,,
2003-04-14,,0.849,1.055,0.873,1.093,1.163,,0.459,,,
2003-04-28,,0.842,1.044,0.865,1.082,1.163,,0.459,,,
2003-05-05,,0.824,1.029,0.849,1.063,1.163,,0.459,,,
2003-05-12,,0.804,1.009,0.831,1.039,1.163,,0.459,,,
2003-05-19,,0.799,1.008,0.828,1.036,1.163,,0.459,,,
2003-05-26,,0.795,1.004,0.824,1.03,1.163,,0.459,,,
2003-06-02,,0.795,1.005,0.824,1.03,1.163,,0.459,,,
2003-06-09,,0.799,1.011,0.829,1.036,1.163,,0.459,,,
2003-06-16,,0.8,1.012,0.829,1.036,1.163,,0.459,,,
2003-06-23,,0.797,1.012,0.828,1.035,1.163,,0.459,,,
2003-06-30,,0.796,1.012,0.828,1.035,1.163,,0.459,,,
2003-07-07,,0.803,1.021,0.835,1.046,1.163,,0.459,,,
2003-07-14,,0.805,1.024,0.837,1.048,1.163,,0.459,,,
2003-07-21,,0.807,1.026,0.839,1.05,1.163,,0.459,,,
2003-07-28,,0.804,1.029,0.838,1.049,1.163,,0.459,,,
2003-08-04,,0.806,1.03,0.84,1.05,1.163,,0.459,,,
2003-08-18,,0.816,1.04,0.849,1.061,1.163,,0.459,,,
2003-08-25,,0.818,1.048,0.854,1.067,1.163,,0.459,,,
2003-09-01,,0.82,1.049,0.855,1.064,1.163,,0.459,,,
2003-09-08,,0.81,1.042,0.847,1.054,1.163,,0.459,,,
2003-09-15,,0.804,1.032,0.839,1.045,1.163,,0.459,,,
2003-09-22,,0.798,1.024,0.833,1.038,1.163,,0.459,,,
2003-09-29,,0.795,1.02,0.83,1.034,1.163,,0.459,,,
2003-10-06,,0.807,1.023,0.838,1.041,1.163,,0.459,,,
2003-10-13,,0.812,1.018,0.839,1.042,1.163,,0.459,,,
2003-10-20,,0.827,1.027,0.85,1.057,1.163,,0.459,,,
2003-10-27,,0.821,1.024,0.846,1.052,1.163,,0.459,,,
2003-11-03,,0.821,1.025,0.846,1.053,1.163,,0.459,,,
2003-11-10,,0.822,1.023,0.846,1.053,1.163,,0.459,,,
2003-11-17,,0.823,1.02,0.846,1.052,1.163,,0.459,,,
2003-11-24,,0.826,1.022,0.848,1.055,1.163,,0.459,,,
2003-12-01,,0.82,1.017,0.843,1.045,1.163,,0.459,,,
2003-12-08,,0.819,1.016,0.842,1.043,1.163,,0.459,,,
2003-12-15,,0.82,1.014,0.842,1.044,1.163,,0.459,,,
2004-01-05,,0.82,1.013,0.837,1.043,1.163,,0.459,,,
2004-01-12,,0.828,1.024,0.845,1.053,1.163,,0.459,,,
2004-01-19,,0.834,1.03,0.851,1.059,1.163,,0.459,,,
2004-01-26,,0.837,1.035,0.855,1.064,1.163,,0.459,,,
2004-02-02,,0.832,1.035,0.851,1.058,1.163,,0.459,,,
2004-02-09,,0.828,1.035,0.85,1.056,1.163,,0.459,,,
2004-02-16,,0.827,1.038,0.85,1.057,1.163,,0.459,,,
2004-02-23,,0.829,1.043,0.853,1.06,1.163,,0.459,,,
2004-03-01,,0.833,1.046,0.856,1.058,1.163,,0.459,,,
2004-03-08,,0.847,1.06,0.87,1.075,1.163,,0.459,,,
2004-03-15,,0.845,1.055,0.866,1.071,1.163,,0.459,,,
2004-03-22,,0.86,1.068,0.88,1.088,1.163,,0.459,,,
2004-03-29,,0.862,1.071,0.882,1.091,1.163,,0.459,,,
2004-04-05,,0.867,1.082,0.889,1.091,1.163,,0.459,,,
2004-04-13,,0.867,1.086,0.89,1.093,1.163,,0.459,,,
2004-04-19,,0.87,1.086,0.892,1.095,1.163,,0.459,,,
2004-04-26,,0.876,1.09,0.897,1.101,1.163,,0.459,,,
2004-05-03,,0.874,1.084,0.895,1.1,1.163,,0.459,,,
2004-05-10,,0.88,1.098,0.903,1.111,1.163,,0.459,,,
2004-05-17,,0.889,1.104,0.911,1.121,1.163,,0.459,,,
2004-05-24,,0.898,1.114,0.92,1.132,1.163,,0.459,,,
2004-05-31,,0.898,1.116,0.92,1.133,1.163,,0.459,,,
2004-06-07,,0.887,1.105,0.91,1.12,1.163,,0.459,,,
2004-06-14,,0.877,1.089,0.898,1.105,1.163,,0.459,,,
2004-06-21,,0.872,1.083,0.894,1.1,1.163,,0.459,,,
2004-06-28,,0.878,1.089,0.899,1.106,1.163,,0.459,,,
2004-07-05,,0.874,1.082,0.895,1.103,1.163,,0.459,,,
2004-07-12,,0.889,1.1,0.909,1.121,1.163,,0.459,,,
2004-07-19,,0.889,1.108,0.912,1.125,1.163,,0.459,,,
2004-07-26,,0.893,1.107,0.914,1.127,1.163,,0.459,,,
2004-08-02,,0.902,1.11,0.92,1.133,1.163,,0.459,,,
2004-08-09,,0.914,1.111,0.928,1.142,1.163,,0.459,,,
2004-08-16,,0.916,1.106,0.927,1.141,1.163,,0.459,,,
2004-08-23,,0.923,1.108,0.932,1.147,1.163,,0.459,,,
2004-08-30,,0.926,1.106,0.933,1.148,1.163,,0.459,,,
2004-09-06,,0.919,1.097,0.925,1.137,1.163,,0.459,,,
2004-09-13,,0.917,1.092,0.923,1.134,1.163,,0.459,,,
2004-09-20,,0.929,1.101,0.933,1.146,1.163,,0.459,,,
2004-09-27,,0.941,1.11,0.943,1.158,1.163,,0.459,,,
2004-10-04,,0.947,1.11,0.946,1.158,1.163,,0.459,,,
2004-10-11,,0.964,1.122,0.96,1.175,1.163,,0.459,,,
2004-10-18,,0.978,1.126,0.97,1.186,1.163,,0.459,,,
2004-10-25,,0.982,1.122,0.971,1.188,1.163,,0.459,,,
2004-11-01,,0.982,1.119,0.97,1.189,1.163,,0.459,,,
2004-11-08,,0.964,1.105,0.954,1.17,1.163,,0.459,,,
2004-11-15,,0.954,1.099,0.946,1.16,1.163,,0.459,,,
2004-11-22,,0.953,1.094,0.944,1.158,1.163,,0.459,,,
2004-11-29,,0.964,1.096,0.952,1.166,1.163,,0.459,,,
2004-12-06,,0.96,1.085,0.945,1.154,1.163,,0.459,,,
2004-12-13,,0.943,1.061,0.926,1.132,1.163,,0.459,,,
2004-12-20,,0.947,1.057,0.927,1.132,1.163,,0.459,,,
2005-01-03,,0.935,1.041,0.913,1.12,1.163,,0.459,,,
2005-01-10,,0.929,1.038,0.908,1.115,1.163,,0.459,,,
2005-01-17,,0.926,1.043,0.908,1.114,1.163,,0.459,,,
2005-01-24,,0.928,1.046,0.91,1.117,1.163,,0.459,,,
2005-01-31,,0.937,1.065,0.923,1.132,1.163,,0.459,,,
2005-02-07,,0.936,1.074,0.925,1.132,1.163,,0.459,,,
2005-02-14,,0.932,1.071,0.922,1.128,1.163,,0.459,,,
2005-02-21,,0.935,1.072,0.924,1.13,1.163,,0.459,,,
2005-02-28,,0.951,1.078,0.935,1.144,1.163,,0.459,,,
2005-03-07,,0.968,1.087,0.948,1.153,1.163,,0.459,,,
2005-03-14,,0.981,1.096,0.959,1.165,1.163,,0.459,,,
2005-03-21,,0.988,1.097,0.963,1.171,1.163,,0.459,,,
2005-04-04,,1,1.124,0.98,1.184,1.163,,0.459,,,
2005-04-11,,1.021,1.151,1.002,1.211,1.163,,0.459,,,
2005-04-18,,1.016,1.144,0.996,1.204,1.163,,0.459,,,
2005-04-25,,1.014,1.147,0.996,1.204,1.163,,0.459,,,
2005-05-02,,1.012,1.15,0.996,1.201,1.163,,0.459,,,
2005-05-09,,1.004,1.142,0.988,1.191,1.163,,0.459,,,
2005-05-16,,0.995,1.134,0.981,1.182,1.163,,0.459,,,
2005-05-23,,0.989,1.126,0.974,1.174,1.163,,0.459,,,
2005-05-30,,0.987,1.123,0.972,1.171,1.163,,0.459,,,
2005-06-06,,1.009,1.142,0.991,1.193,1.163,,0.459,,,
2005-06-13,,1.029,1.158,1.009,1.214,1.163,,0.459,,,
2005-06-20,,1.042,1.168,1.02,1.228,1.163,,0.459,,,
2005-06-27,,1.051,1.18,1.029,1.239,1.163,,0.459,,,
2005-07-04,,1.056,1.186,1.034,1.246,1.163,,0.459,,,
2005-07-11,,1.067,1.193,1.043,1.257,1.163,,0.459,,,
2005-07-18,,1.065,1.197,1.043,1.257,1.163,,0.459,,,
2005-07-25,,1.06,1.199,1.041,1.255,1.163,,0.459,,,
2005-08-01,,1.059,1.203,1.042,1.253,1.163,,0.459,,,
2005-08-08,,1.062,1.211,1.047,1.258,1.163,,0.459,,,
2005-08-22,,1.089,1.237,1.071,1.288,1.163,,0.459,,,
2005-08-29,,1.092,1.236,1.073,1.29,1.163,,0.459,,,
2005-09-05,,1.123,1.304,1.115,1.334,1.163,,0.459,,,
2005-09-12,,1.117,1.3,1.111,1.329,1.163,,0.459,,,
2005-09-19,,1.102,1.275,1.092,1.308,1.163,,0.459,,,
2005-09-26,,1.107,1.272,1.095,1.31,1.163,,0.459,,,
2005-10-03,,1.122,1.285,1.108,1.322,1.163,,0.459,,,
2005-10-10,,1.124,1.277,1.106,1.319,1.163,,0.459,,,
2005-10-17,,1.122,1.261,1.099,1.312,1.163,,0.459,,,
2005-10-24,,1.116,1.243,1.089,1.3,1.163,,0.459,,,
2005-11-07,,1.091,1.21,1.063,1.272,1.163,,0.459,,,
2005-11-14,,1.075,1.199,1.05,1.257,1.163,,0.459,,,
2005-11-21,,1.056,1.174,1.03,1.232,1.163,,0.459,,,
2005-11-28,,1.054,1.174,1.029,1.231,1.163,,0.459,,,
2005-12-05,,1.045,1.167,1.022,1.219,1.163,,0.459,,,
2005-12-12,,1.052,1.172,1.027,1.226,1.163,,0.459,,,
2005-12-19,,1.055,1.178,1.031,1.23,1.163,,0.459,,,
2006-01-09,,1.073,1.197,1.047,1.256,1.163,,0.459,,,
2006-01-16,,1.07,1.202,1.046,1.256,1.163,,0.459,,,
2006-01-23,,1.072,1.201,1.047,1.257,1.163,,0.459,,,
2006-01-30,,1.08,1.207,1.054,1.265,1.163,,0.459,,,
2006-02-06,,1.085,1.21,1.058,1.266,1.163,,0.459,,,
2006-02-13,,1.077,1.2,1.05,1.257,1.163,,0.459,,,
2006-02-20,,1.07,1.188,1.042,1.247,1.163,,0.459,,,
2006-02-27,,1.073,1.189,1.044,1.249,1.163,,0.459,,,
2006-03-06,,1.08,1.192,1.049,1.249,1.163,,0.459,,,
2006-03-13,,1.083,1.194,1.051,1.252,1.163,,0.459,,,
2006-03-20,,1.09,1.208,1.06,1.262,1.163,,0.459,,,
2006-03-27,,1.088,1.212,1.06,1.262,1.163,,0.459,,,
2006-04-03,,1.096,1.234,1.072,1.266,1.163,,0.459,,,
2006-04-10,,1.098,1.242,1.077,1.271,1.163,,0.459,,,
2006-04-24,,1.129,1.284,1.11,1.31,1.163,,0.459,,,
2006-05-01,,1.136,1.294,1.117,1.314,1.163,,0.459,,,
2006-05-08,,1.136,1.297,1.118,1.315,1.163,,0.459,,,
2006-05-15,,1.129,1.292,1.112,1.308,1.163,,0.459,,,
2006-05-22,,1.123,1.289,1.107,1.303,1.163,,0.459,,,
2006-05-29,,1.112,1.277,1.097,1.29,1.163,,0.459,,,
2006-06-05,,1.118,1.282,1.102,1.296,1.163,,0.459,,,
2006-06-12,,1.122,1.292,1.108,1.302,1.163,,0.459,,,
2006-06-19,,1.115,1.283,1.101,1.294,1.163,,0.459,,,
2006-06-26,,1.112,1.279,1.097,1.29,1.163,,0.459,,,
2006-07-03,,1.122,1.293,1.108,1.303,1.163,,0.459,,,
2006-07-10,,1.125,1.303,1.114,1.31,1.163,,0.459,,,
2006-07-17,,1.133,1.319,1.124,1.322,1.163,,0.459,,,
2006-07-24,,1.141,1.334,1.134,1.334,1.163,,0.459,,,
2006-07-31,,1.136,1.331,1.13,1.33,1.163,,0.459,,,
2006-08-07,,1.143,1.337,1.136,1.334,1.163,,0.459,,,
2006-08-14,,1.144,1.328,1.133,1.331,1.163,,0.459,,,
2006-08-21,,1.133,1.297,1.117,1.311,1.163,,0.459,,,
2006-08-28,,1.129,1.277,1.107,1.3,1.163,,0.459,,,
2006-09-04,,1.124,1.254,1.096,1.286,1.163,,0.459,,,
2006-09-11,,1.105,1.224,1.075,1.261,1.163,,0.459,,,
2006-09-18,,1.09,1.208,1.06,1.244,1.163,,0.459,,,
2006-09-25,,1.068,1.185,1.039,1.22,1.163,,0.459,,,
2006-10-02,,1.06,1.174,1.031,1.209,1.163,,0.459,,,
2006-10-09,,1.057,1.168,1.027,1.205,1.163,,0.459,,,
2006-10-16,,1.062,1.167,1.03,1.208,1.163,,0.459,,,
2006-10-23,,1.06,1.162,1.027,1.204,1.163,,0.459,,,
2006-10-30,,1.056,1.16,1.023,1.2,1.163,,0.459,,,
2006-11-06,,1.049,1.154,1.018,1.195,1.163,,0.459,,,
2006-11-13,,1.05,1.158,1.019,1.196,1.163,,0.459,,,
2006-11-20,,1.05,1.158,1.02,1.197,1.163,,0.459,,,
2006-11-27,,1.047,1.154,1.016,1.193,1.163,,0.459,,,
2006-12-04,,1.053,1.162,1.022,1.196,1.163,,0.459,,,
2006-12-11,,1.054,1.167,1.025,1.199,1.163,,0.459,,,
2006-12-18,,1.054,1.171,1.026,1.2,1.163,,0.459,,,
2007-01-08,,1.047,1.175,1.02,1.2,1.163,,0.459,,,
2007-01-15,,1.032,1.163,1.007,1.185,1.163,,0.459,,,
2007-01-22,,1.025,1.155,1,1.177,1.163,,0.459,,,
2007-01-29,,1.023,1.153,0.998,1.174,1.163,,0.459,,,
2007-02-05,,1.029,1.16,1.004,1.177,1.163,,0.459,,,
2007-02-12,,1.036,1.167,1.011,1.185,1.163,,0.459,,,
2007-02-19,,1.034,1.165,1.009,1.183,1.163,,0.459,,,
2007-02-26,,1.04,1.177,1.016,1.191,1.163,,0.459,,,
2007-03-05,,1.051,1.2,1.031,1.201,1.163,,0.459,,,
2007-03-12,,1.056,1.208,1.037,1.207,1.163,,0.459,,,
2007-03-19,,1.052,1.208,1.034,1.204,1.163,,0.459,,,
2007-03-26,,1.053,1.213,1.036,1.207,1.163,,0.459,,,
2007-04-02,,1.072,1.235,1.055,1.221,1.163,,0.459,,,
2007-04-16,,1.08,1.251,1.065,1.232,1.163,,0.459,,,
2007-04-23,,1.084,1.263,1.071,1.24,1.163,,0.459,,,
2007-04-30,,1.086,1.278,1.078,1.247,1.163,,0.459,,,
2007-05-07,,1.086,1.287,1.081,1.247,1.163,,0.459,,,
2007-05-14,,1.086,1.292,1.082,1.249,1.163,,0.459,,,
2007-05-21,,1.089,1.302,1.088,1.255,1.163,,0.459,,,
2007-05-28,,1.093,1.313,1.094,1.262,1.163,,0.459,,,
2007-06-04,,1.096,1.313,1.095,1.262,1.163,,0.459,,,
2007-06-11,,1.094,1.305,1.091,1.257,1.163,,0.459,,,
2007-06-18,,1.104,1.31,1.099,1.267,1.163,,0.459,,,
2007-06-25,,1.112,1.316,1.106,1.274,1.163,,0.459,,,
2007-07-02,,1.108,1.306,1.1,1.271,1.163,,0.459,,,
2007-07-09,,1.107,1.307,1.1,1.271,1.163,,0.459,,,
2007-07-16,,1.117,1.317,1.109,1.281,1.163,,0.459,,,
2007-07-23,,1.115,1.306,1.104,1.276,1.163,,0.459,,,
2007-07-30,,1.112,1.292,1.098,1.268,1.163,,0.459,,,
2007-08-06,,1.116,1.287,1.099,1.268,1.163,,0.459,,,
2007-08-13,,1.109,1.277,1.091,1.259,1.163,,0.459,,,
2007-08-20,,1.107,1.272,1.089,1.256,1.163,,0.459,,,
2007-08-27,,1.104,1.267,1.085,1.252,1.163,,0.459,,,
2007-09-03,,1.107,1.272,1.089,1.251,1.163,,0.459,,,
2007-09-10,,1.119,1.28,1.098,1.261,1.163,,0.459,,,
2007-09-17,,1.129,1.275,1.103,1.267,1.163,,0.459,,,
2007-09-24,,1.14,1.278,1.11,1.275,1.163,,0.459,,,
2007-10-01,,1.142,1.28,1.112,1.271,1.163,,0.459,,,
2007-10-08,,1.135,1.276,1.107,1.265,1.163,,0.459,,,
2007-10-15,,1.137,1.273,1.107,1.265,1.163,,0.459,,,
2007-10-22,,1.153,1.285,1.12,1.281,1.163,,0.459,,,
2007-10-29,,1.163,1.291,1.128,1.29,1.163,,0.459,,,
2007-11-05,,1.181,1.309,1.145,1.304,1.163,,0.459,,,
2007-11-12,,1.22,1.332,1.177,1.339,1.163,,0.459,,,
2007-11-19,,1.223,1.326,1.176,1.339,1.163,,0.459,,,
2007-11-26,,1.235,1.327,1.184,1.347,1.163,,0.459,,,
2007-12-03,,1.236,1.32,1.182,1.34,1.163,,0.459,,,
2007-12-10,,1.219,1.305,1.167,1.323,1.163,,0.459,,,
2007-12-17,,1.215,1.313,1.167,1.323,1.163,,0.459,,,
2008-01-07,,1.22,1.321,1.172,1.334,1.163,,0.459,,,
2008-01-14,,1.206,1.31,1.16,1.321,1.163,,0.459,,,
2008-01-21,,1.192,1.298,1.148,1.308,1.163,,0.459,,,
2008-01-28,,1.185,1.295,1.143,1.302,1.163,,0.459,,,
2008-02-04,,1.191,1.299,1.148,1.302,1.163,,0.459,,,
2008-02-11,,1.189,1.292,1.145,1.298,1.163,,0.459,,,
2008-02-18,,1.216,1.316,1.168,1.325,1.163,,0.459,,,
2008-02-25,,1.236,1.328,1.184,1.343,1.163,,0.459,,,
2008-03-03,,1.239,1.326,1.186,1.333,1.163,,0.459,,,
2008-03-10,,1.259,1.33,1.199,1.348,1.163,,0.459,,,
2008-03-17,,1.273,1.326,1.206,1.355,1.163,,0.459,,,
2008-03-31,,1.256,1.314,1.192,1.339,1.163,,0.459,,,
2008-04-07,,1.257,1.319,1.194,1.335,1.163,,0.459,,,
2008-04-14,,1.279,1.327,1.21,1.353,1.163,,0.459,,,
2008-04-21,,1.293,1.336,1.222,1.366,1.163,,0.459,,,
2008-04-28,,1.313,1.355,1.24,1.387,1.163,,0.459,,,
2008-05-05,,1.327,1.364,1.251,1.39,1.163,,0.459,,,
2008-05-12,,1.351,1.378,1.271,1.412,1.163,,0.459,,,
2008-05-19,,1.398,1.404,1.307,1.452,1.163,,0.459,,,
2008-05-26,,1.424,1.418,1.328,1.475,1.163,,0.459,,,
2008-06-02,,1.433,1.431,1.337,1.479,1.163,,0.459,,,
2008-06-09,,1.422,1.432,1.332,1.473,1.163,,0.459,,,
2008-06-16,,1.439,1.449,1.347,1.49,1.163,,0.459,,,
2008-06-23,,1.435,1.452,1.346,1.489,1.163,,0.459,,,
2008-06-30,,1.444,1.462,1.355,1.498,1.163,,0.459,,,
2008-07-07,,1.454,1.474,1.365,1.51,1.163,,0.459,,,
2008-07-14,,1.456,1.467,1.363,1.509,1.163,,0.459,,,
2008-07-21,,1.448,1.451,1.353,1.498,1.163,,0.459,,,
2008-07-28,,1.415,1.423,1.324,1.466,1.163,,0.459,,,
2008-08-04,,1.393,1.407,1.306,1.445,1.163,,0.459,,,
2008-08-11,,1.368,1.404,1.289,1.427,1.163,,0.459,,,
2008-08-18,,1.342,1.387,1.268,1.404,1.163,,0.459,,,
2008-08-25,,1.343,1.395,1.271,1.407,1.163,,0.459,,,
2008-09-01,,1.338,1.389,1.266,1.397,1.163,,0.459,,,
2008-09-08,,1.325,1.381,1.256,1.386,1.163,,0.459,,,
2008-09-15,,1.319,1.385,1.253,1.384,1.163,,0.459,,,
2008-09-22,,1.3,1.362,1.234,1.363,1.163,,0.459,,,
2008-09-29,,1.298,1.351,1.229,1.357,1.163,,0.459,,,
2008-10-06,,1.296,1.345,1.226,1.353,1.163,,0.459,,,
2008-10-13,,1.254,1.3,1.186,1.309,1.163,,0.459,,,
2008-10-20,,1.207,1.242,1.139,1.257,1.163,,0.459,,,
2008-10-27,,1.179,1.206,1.11,1.224,1.163,,0.459,,,
2008-11-03,,1.166,1.193,1.098,1.217,1.163,,0.459,,,
2008-11-10,,1.153,1.158,1.078,1.195,1.163,,0.459,,,
2008-11-17,,1.124,1.125,1.05,1.164,1.163,,0.459,,,
2008-11-24,,1.092,1.087,1.018,1.128,1.163,,0.459,,,
2008-12-01,,1.074,1.076,1.003,1.114,1.163,,0.459,,,
2008-12-08,,1.043,1.056,0.979,1.086,1.163,,0.459,,,
2008-12-15,,0.998,1.021,0.939,1.042,1.163,,0.459,,,
2009-01-05,,0.949,0.984,0.898,1.002,1.163,,0.459,,,
2009-01-12,,0.988,1.025,0.934,1.043,1.163,,0.459,,,
2009-01-19,,0.983,1.034,0.935,1.044,1.163,,0.459,,,
2009-01-26,,0.972,1.032,0.927,1.035,1.163,,0.459,,,
2009-02-02,,0.977,1.046,0.935,1.039,1.163,,0.459,,,
2009-02-09,,0.984,1.065,0.946,1.051,1.163,,0.459,,,
2009-02-16,,0.972,1.061,0.937,1.041,1.163,,0.459,,,
2009-02-23,,0.956,1.055,0.925,1.028,1.163,,0.459,,,
2009-03-02,,0.946,1.051,0.918,1.016,1.163,,0.459,,,
2009-03-09,,0.939,1.054,0.914,1.012,1.163,,0.459,,,
2009-03-16,,0.937,1.055,0.913,1.012,1.163,,0.459,,,
2009-03-23,,0.939,1.056,0.915,1.013,1.163,,0.459,,,
2009-03-30,,0.959,1.077,0.934,1.034,1.163,,0.459,,,
2009-04-06,,0.973,1.098,0.949,1.047,1.163,,0.459,,,
2009-04-20,,0.974,1.106,0.953,1.051,1.163,,0.459,,,
2009-04-27,,0.972,1.109,0.952,1.05,1.163,,0.459,,,
2009-05-04,,0.976,1.108,0.954,1.051,1.163,,0.459,,,
2009-05-11,,0.981,1.137,0.967,1.065,1.163,,0.459,,,
2009-05-18,,0.986,1.152,0.975,1.073,1.163,,0.459,,,
2009-05-25,,0.984,1.173,0.981,1.08,1.163,,0.459,,,
2009-06-01,,0.99,1.184,0.987,1.085,1.163,,0.459,,,
2009-06-08,,1.009,1.195,1.003,1.102,1.163,,0.459,,,
2009-06-15,,1.033,1.224,1.027,1.128,1.163,,0.459,,,
2009-06-22,,1.046,1.234,1.039,1.141,1.163,,0.459,,,
2009-06-29,,1.042,1.22,1.031,1.132,1.163,,0.459,,,
2009-07-06,,1.033,1.21,1.022,1.128,1.163,,0.459,,,
2009-07-13,,1.009,1.187,1.001,1.104,1.163,,0.459,,,
2009-07-20,,1.002,1.185,0.995,1.098,1.163,,0.459,,,
2009-07-27,,1.024,1.203,1.015,1.119,1.163,,0.459,,,
2009-08-03,,1.039,1.225,1.031,1.134,1.163,,0.459,,,
2009-08-10,,1.05,1.235,1.041,1.145,1.163,,0.459,,,
2009-08-17,,1.056,1.24,1.046,1.15,1.163,,0.459,,,
2009-08-24,,1.054,1.234,1.043,1.147,1.163,,0.459,,,
2009-08-31,,1.048,1.221,1.035,1.138,1.163,,0.459,,,
2009-09-07,,1.043,1.223,1.033,1.136,1.163,,0.459,,,
2009-09-14,,1.028,1.21,1.019,1.121,1.163,,0.459,,,
2009-09-21,,1.025,1.198,1.013,1.114,1.163,,0.459,,,
2009-09-28,,1.012,1.176,0.999,1.098,1.163,,0.459,,,
2009-10-05,,1.019,1.183,1.005,1.103,1.163,,0.459,,,
2009-10-12,,1.014,1.171,0.998,1.096,1.163,,0.459,,,
2009-10-19,,1.037,1.192,1.019,1.118,1.163,,0.459,,,
2009-10-26,,1.049,1.206,1.031,1.131,1.163,,0.459,,,
2009-11-02,,1.059,1.222,1.042,1.143,1.163,,0.459,,,
2009-11-09,,1.061,1.223,1.044,1.145,1.163,,0.459,,,
2009-11-16,,1.055,1.22,1.039,1.14,1.163,,0.459,,,
2009-11-23,,1.055,1.221,1.039,1.14,1.163,,0.459,,,
2009-11-30,,1.046,1.211,1.031,1.13,1.163,,0.459,,,
2009-12-07,,1.052,1.218,1.036,1.133,1.163,,0.459,,,
2009-12-14,,1.044,1.205,1.027,1.124,1.163,,0.459,,,
2009-12-21,,1.046,1.203,1.028,1.124,1.163,,0.459,,,
2010-01-04,,1.072,1.231,1.049,1.154,1.163,,0.459,,,
2010-01-11,,1.098,1.264,1.075,1.183,1.163,,0.459,,,
2010-01-18,,1.1,1.262,1.076,1.184,1.163,,0.459,,,
2010-01-25,,1.09,1.257,1.069,1.176,1.163,,0.459,,,
2010-02-01,,1.084,1.256,1.064,1.167,1.163,,0.459,,,
2010-02-08,,1.085,1.256,1.065,1.168,1.163,,0.459,,,
2010-02-15,,1.081,1.256,1.062,1.165,1.163,,0.459,,,
2010-02-22,,1.093,1.263,1.072,1.175,1.163,,0.459,,,
2010-03-01,,1.108,1.273,1.085,1.178,1.163,,0.459,,,
2010-03-08,,1.118,1.295,1.098,1.192,1.163,,0.459,,,
2010-03-15,,1.137,1.321,1.117,1.214,1.163,,0.459,,,
2010-03-22,,1.14,1.322,1.119,1.216,1.163,,0.459,,,
2010-03-29,,1.152,1.34,1.133,1.231,1.163,,0.459,,,
2010-04-12,,1.178,1.353,1.153,1.246,1.163,,0.459,,,
2010-04-19,,1.181,1.356,1.156,1.249,1.163,,0.459,,,
2010-04-26,,1.189,1.368,1.164,1.259,1.163,,0.459,,,
2010-05-03,,1.202,1.373,1.174,1.266,1.163,,0.459,,,
2010-05-10,,1.199,1.367,1.17,1.262,1.163,,0.459,,,
2010-05-17,,1.198,1.366,1.17,1.262,1.163,,0.459,,,
2010-05-24,,1.176,1.34,1.148,1.238,1.163,,0.459,,,
2010-05-31,,1.178,1.347,1.151,1.242,1.163,,0.459,,,
2010-06-07,,1.187,1.356,1.16,1.25,1.163,,0.459,,,
2010-06-14,,1.194,1.36,1.165,1.256,1.163,,0.459,,,
2010-06-21,,1.202,1.363,1.171,1.263,1.163,,0.459,,,
2010-06-28,,1.205,1.367,1.174,1.266,1.163,,0.459,,,
2010-07-05,,1.187,1.351,1.158,1.252,1.163,,0.459,,,
2010-07-12,,1.179,1.345,1.151,1.244,1.163,,0.459,,,
2010-07-19,,1.172,1.335,1.143,1.236,1.163,,0.459,,,
2010-07-26,,1.172,1.342,1.146,1.239,1.163,,0.459,,,
2010-08-02,,1.174,1.343,1.147,1.237,1.163,,0.459,,,
2010-08-09,,1.186,1.347,1.156,1.247,1.163,,0.459,,,
2010-08-16,,1.179,1.339,1.149,1.239,1.163,,0.459,,,
2010-08-23,,1.179,1.341,1.15,1.24,1.163,,0.459,,,
2010-08-30,,1.174,1.331,1.144,1.234,1.163,,0.459,,,
2010-09-06,,1.174,1.327,1.142,1.229,1.163,,0.459,,,
2010-09-13,,1.182,1.339,1.151,1.238,1.163,,0.459,,,
2010-09-20,,1.186,1.336,1.152,1.24,1.163,,0.459,,,
2010-09-27,,1.176,1.317,1.14,1.227,1.163,,0.459,,,
2010-10-04,,1.178,1.317,1.142,1.225,1.163,,0.459,,,
2010-10-11,,1.187,1.327,1.15,1.234,1.163,,0.459,,,
2010-10-18,,1.188,1.332,1.152,1.237,1.163,,0.459,,,
2010-10-25,,1.191,1.335,1.156,1.24,1.163,,0.459,,,
2010-11-08,,1.2,1.343,1.163,1.247,1.163,,0.459,,,
2010-11-15,,1.212,1.352,1.174,1.258,1.163,,0.459,,,
2010-11-22,,1.208,1.349,1.171,1.255,1.163,,0.459,,,
2010-11-29,,1.218,1.363,1.181,1.266,1.163,,0.459,,,
2010-12-06,,1.238,1.389,1.201,1.279,1.163,,0.459,,,
2010-12-13,,1.256,1.402,1.217,1.296,1.163,,0.459,,,
2010-12-20,,1.263,1.407,1.223,1.302,1.163,,0.459,,,
2011-01-03,,1.28,1.42,1.234,1.32,1.163,,0.459,,,
2011-01-10,,1.297,1.443,1.251,1.339,1.163,,0.459,,,
2011-01-17,,1.317,1.455,1.268,1.357,1.163,,0.459,,,
2011-01-24,,1.311,1.444,1.261,1.349,1.163,,0.459,,,
2011-01-31,,1.304,1.431,1.252,1.34,1.163,,0.459,,,
2011-02-07,,1.325,1.441,1.268,1.351,1.163,,0.459,,,
2011-02-14,,1.334,1.446,1.275,1.359,1.163,,0.459,,,
2011-02-21,,1.336,1.448,1.278,1.361,1.163,,0.459,,,
2011-02-28,,1.358,1.471,1.298,1.383,1.163,,0.459,,,
2011-03-07,,1.377,1.485,1.315,1.385,1.163,,0.459,,,
2011-03-14,,1.388,1.515,1.33,1.402,1.163,,0.459,,,
2011-03-21,,1.387,1.499,1.325,1.396,1.163,,0.459,,,
2011-03-28,,1.385,1.505,1.325,1.397,1.163,,0.459,,,
2011-04-04,,1.387,1.519,1.331,1.393,1.163,,0.459,,,
2011-04-11,,1.401,1.536,1.345,1.408,1.163,,0.459,,,
2011-04-18,,1.406,1.547,1.351,1.414,1.163,,0.459,,,
2011-05-02,,1.404,1.543,1.349,1.41,1.163,,0.459,,,
2011-05-09,,1.375,1.526,1.325,1.386,1.163,,0.459,,,
2011-05-16,,1.361,1.523,1.316,1.376,1.163,,0.459,,,
2011-05-23,,1.365,1.517,1.316,1.377,1.163,,0.459,,,
2011-05-30,,1.356,1.507,1.308,1.368,1.163,,0.459,,,
2011-06-06,,1.359,1.504,1.309,1.369,1.163,,0.459,,,
2011-06-13,,1.367,1.499,1.313,1.373,1.163,,0.459,,,
2011-06-20,,1.372,1.5,1.315,1.376,1.163,,0.459,,,
2011-06-27,,1.343,1.471,1.289,1.348,1.163,,0.459,,,
2011-07-04,,1.339,1.471,1.286,1.351,1.163,,0.459,,,
2011-07-11,,1.36,1.493,1.306,1.372,1.163,,0.459,,,
2011-07-18,,1.374,1.513,1.321,1.388,1.163,,0.459,,,
2011-07-25,,1.384,1.518,1.329,1.396,1.163,,0.459,,,
2011-08-01,,1.389,1.525,1.334,1.398,1.163,,0.459,,,
2011-08-08,,1.372,1.507,1.318,1.381,1.163,,0.459,,,
2011-08-15,,1.359,1.495,1.306,1.369,1.163,,0.459,,,
2011-08-22,,1.347,1.483,1.295,1.357,1.163,,0.459,,,
2011-08-29,,1.348,1.483,1.295,1.358,1.163,,0.459,,,
2011-09-05,,1.361,1.499,1.308,1.363,1.163,,0.459,,,
2011-09-12,,1.371,1.52,1.321,1.377,1.163,,0.459,,,
2011-09-19,,1.376,1.518,1.324,1.379,1.163,,0.459,,,
2011-09-26,,1.374,1.503,1.318,1.373,1.163,,0.459,,,
2011-10-03,,1.376,1.497,1.317,1.369,1.163,,0.459,,,
2011-10-10,,1.375,1.495,1.317,1.368,1.163,,0.459,,,
2011-10-17,,1.385,1.504,1.325,1.377,1.163,,0.459,,,
2011-10-24,,1.398,1.5,1.332,1.384,1.163,,0.459,,,
2011-10-31,,1.401,1.498,1.334,1.386,1.163,,0.459,,,
2011-11-07,,1.406,1.497,1.337,1.388,1.163,,0.459,,,
2011-11-14,,1.414,1.49,1.339,1.391,1.163,,0.459,,,
2011-11-21,,1.426,1.487,1.346,1.398,1.163,,0.459,,,
2011-11-28,,1.41,1.475,1.332,1.383,1.163,,0.459,,,
2011-12-05,,1.415,1.482,1.338,1.384,1.163,,0.459,,,
2011-12-12,,1.424,1.494,1.347,1.394,1.163,,0.459,,,
2011-12-19,,1.426,1.502,1.35,1.397,1.163,,0.459,,,
2011-12-26,,1.439,1.519,1.363,1.411,1.163,,0.459,,,
2012-01-02,,1.451,1.534,1.373,1.43,1.163,,0.459,,,
2012-01-09,,1.464,1.55,1.386,1.443,1.163,,0.459,,,
2012-01-16,,1.482,1.557,1.4,1.457,1.163,,0.459,,,
2012-01-23,,1.476,1.562,1.397,1.455,1.163,,0.459,,,
2012-01-30,,1.466,1.563,1.391,1.448,1.163,,0.459,,,
2012-02-06,,1.469,1.571,1.395,1.445,1.163,,0.459,,,
2012-02-13,,1.486,1.582,1.409,1.459,1.163,,0.459,,,
2012-02-20,,1.502,1.603,1.425,1.476,1.163,,0.459,,,
2012-02-27,,1.506,1.609,1.429,1.481,1.163,,0.459,,,
2012-03-05,,1.509,1.623,1.436,1.472,1.163,,0.459,,,
2012-03-12,,1.515,1.633,1.442,1.479,1.163,,0.459,,,
2012-03-19,,1.527,1.651,1.456,1.492,1.163,,0.459,,,
2012-03-26,,1.525,1.654,1.455,1.492,1.163,,0.459,,,
2012-04-02,,1.521,1.672,1.457,1.486,1.163,,0.459,,,
2012-04-09,,1.522,1.679,1.46,1.488,1.163,,0.459,,,
2012-04-16,,1.522,1.687,1.463,1.491,1.163,,0.459,,,
2012-04-23,,1.514,1.677,1.455,1.483,1.163,,0.459,,,
2012-04-30,,1.504,1.664,1.444,1.472,1.163,,0.459,,,
2012-05-07,,1.509,1.652,1.444,1.473,1.163,,0.459,,,
2012-05-14,,1.485,1.626,1.421,1.449,1.163,,0.459,,,
2012-05-21,,1.475,1.61,1.41,1.438,1.163,,0.459,,,
2012-05-28,,1.47,1.613,1.408,1.436,1.163,,0.459,,,
2012-06-04,,1.456,1.603,1.396,1.424,1.163,,0.459,,,
2012-06-11,,1.442,1.59,1.383,1.411,1.163,,0.459,,,
2012-06-18,,1.435,1.579,1.375,1.403,1.163,,0.459,,,
2012-06-25,,1.418,1.563,1.36,1.387,1.163,,0.459,,,
2012-07-02,,1.414,1.561,1.357,1.39,1.163,,0.459,,,
2012-07-09,,1.445,1.593,1.386,1.42,1.163,,0.459,,,
2012-07-16,,1.46,1.604,1.398,1.433,1.163,,0.459,,,
2012-07-23,,1.487,1.624,1.422,1.457,1.163,,0.459,,,
2012-07-30,,1.491,1.62,1.423,1.458,1.163,,0.459,,,
2012-08-06,,1.493,1.632,1.428,1.457,1.163,,0.459,,,
2012-08-13,,1.519,1.658,1.452,1.482,1.163,,0.459,,,
2012-08-20,,1.543,1.696,1.478,1.509,1.163,,0.459,,,
2012-08-27,,1.548,1.7,1.483,1.513,1.163,,0.459,,,
2012-09-03,,1.536,1.693,1.473,1.494,1.163,,0.459,,,
2012-09-10,,1.545,1.706,1.482,1.504,1.163,,0.459,,,
2012-09-17,,1.533,1.685,1.469,1.49,1.163,,0.459,,,
2012-09-24,,1.516,1.674,1.455,1.476,1.163,,0.459,,,
2012-10-01,,1.515,1.663,1.451,1.469,1.163,,0.459,,,
2012-10-08,,1.524,1.664,1.457,1.475,1.163,,0.459,,,
2012-10-15,,1.524,1.66,1.456,1.474,1.163,,0.459,,,
2012-10-22,,1.519,1.636,1.446,1.463,1.163,,0.459,,,
2012-10-29,,1.507,1.61,1.431,1.448,1.163,,0.459,,,
2012-11-05,,1.501,1.599,1.423,1.444,1.163,,0.459,,,
2012-11-12,,1.492,1.589,1.415,1.436,1.163,,0.459,,,
2012-11-19,,1.489,1.593,1.414,1.435,1.163,,0.459,,,
2012-11-26,,1.49,1.597,1.416,1.437,1.163,,0.459,,,
2012-12-03,,1.486,1.583,1.409,1.425,1.163,,0.459,,,
2012-12-10,,1.473,1.573,1.399,1.414,1.163,,0.459,,,
2012-12-17,,1.458,1.564,1.386,1.401,1.163,,0.459,,,
2013-01-07,,1.472,1.577,1.396,1.424,1.163,,0.459,,,
2013-01-14,,1.474,1.58,1.398,1.426,1.163,,0.459,,,
2013-01-21,,1.466,1.57,1.39,1.418,1.163,,0.459,,,
2013-01-28,,1.468,1.574,1.393,1.421,1.163,,0.459,,,
2013-02-04,,1.471,1.59,1.399,1.422,1.163,,0.459,,,
2013-02-11,,1.483,1.606,1.411,1.434,1.163,,0.459,,,
2013-02-18,,1.492,1.618,1.421,1.444,1.163,,0.459,,,
2013-02-25,,1.484,1.615,1.415,1.437,1.163,,0.459,,,
2013-03-04,,1.481,1.614,1.412,1.422,1.163,,0.459,,,
2013-03-11,,1.468,1.597,1.399,1.408,1.163,,0.459,,,
2013-03-18,,1.467,1.59,1.397,1.406,1.163,,0.459,,,
2013-03-25,,1.465,1.602,1.398,1.408,1.163,,0.459,,,
2013-04-01,,1.47,1.618,1.406,1.415,1.163,,0.459,,,
2013-04-08,,1.468,1.607,1.402,1.41,1.163,,0.459,,,
2013-04-15,,1.446,1.589,1.382,1.391,1.163,,0.459,,,
2013-04-22,,1.419,1.565,1.358,1.366,1.163,,0.459,,,
2013-04-29,,1.415,1.565,1.356,1.364,1.163,,0.459,,,
2013-05-06,,1.406,1.558,1.348,1.354,1.163,,0.459,,,
2013-05-13,,1.416,1.557,1.354,1.36,1.163,,0.459,,,
2013-05-20,,1.428,1.568,1.365,1.372,1.163,,0.459,,,
2013-05-27,,1.427,1.571,1.365,1.372,1.163,,0.459,,,
2013-06-03,,1.424,1.57,1.363,1.368,1.163,,0.459,,,
2013-06-10,,1.419,1.567,1.359,1.364,1.163,,0.459,,,
2013-06-17,,1.417,1.566,1.358,1.362,1.163,,0.459,,,
2013-06-24,,1.42,1.563,1.358,1.363,1.163,,0.459,,,
2013-07-01,,1.418,1.557,1.356,1.366,1.163,,0.459,,,
2013-07-08,,1.425,1.562,1.362,1.372,1.163,,0.459,,,
2013-07-15,,1.442,1.583,1.378,1.389,1.163,,0.459,,,
2013-07-22,,1.454,1.601,1.391,1.401,1.163,,0.459,,,
2013-07-29,,1.444,1.59,1.382,1.392,1.163,,0.459,,,
2013-08-05,,1.445,1.591,1.383,1.391,1.163,,0.459,,,
2013-08-12,,1.442,1.585,1.379,1.388,1.163,,0.459,,,
2013-08-19,,1.445,1.59,1.382,1.391,1.163,,0.459,,,
2013-08-26,,1.45,1.59,1.386,1.394,1.163,,0.459,,,
2013-09-02,,1.467,1.608,1.402,1.405,1.163,,0.459,,,
2013-09-09,,1.474,1.608,1.406,1.409,1.163,,0.459,,,
2013-09-16,,1.475,1.595,1.403,1.407,1.163,,0.459,,,
2013-09-23,,1.459,1.576,1.388,1.391,1.163,,0.459,,,
2013-09-30,,1.449,1.561,1.377,1.38,1.163,,0.459,,,
2013-10-07,,1.44,1.546,1.367,1.371,1.163,,0.459,,,
2013-10-14,,1.439,1.543,1.366,1.37,1.163,,0.459,,,
2013-10-21,,1.438,1.543,1.364,1.369,1.163,,0.459,,,
2013-10-28,,1.425,1.53,1.353,1.358,1.163,,0.459,,,
2013-11-04,,1.42,1.524,1.347,1.354,1.163,,0.459,,,
2013-11-11,,1.416,1.517,1.343,1.35,1.163,,0.459,,,
2013-11-18,,1.42,1.527,1.349,1.356,1.163,,0.459,,,
2013-11-25,,1.427,1.535,1.355,1.362,1.163,,0.459,,,
2013-12-02,,1.437,1.541,1.364,1.366,1.163,,0.459,,,
2013-12-09,,1.437,1.536,1.362,1.365,1.163,,0.459,,,
2013-12-16,,1.428,1.528,1.354,1.356,1.163,,0.459,,,
2014-01-06,,1.433,1.534,1.357,1.372,1.163,,0.459,,,
2014-01-13,,1.423,1.527,1.349,1.363,1.163,,0.459,,,
2014-01-20,,1.418,1.523,1.344,1.359,1.163,,0.459,,,
2014-01-27,,1.42,1.523,1.345,1.36,1.163,,0.459,,,
2014-02-03,,1.419,1.523,1.345,1.355,1.163,,0.459,,,
2014-02-10,,1.419,1.523,1.345,1.355,1.163,,0.459,,,
2014-02-17,,1.423,1.535,1.351,1.361,1.163,,0.459,,,
2014-02-24,,1.424,1.534,1.352,1.362,1.163,,0.459,,,
2014-03-03,,1.422,1.535,1.35,1.351,1.163,,0.459,,,
2014-03-10,,1.415,1.526,1.343,1.344,1.163,,0.459,,,
2014-03-17,,1.403,1.518,1.333,1.334,1.163,,0.459,,,
2014-03-24,,1.397,1.517,1.329,1.329,1.163,,0.459,,,
2014-03-31,,1.405,1.531,1.338,1.338,1.163,,0.459,,,
2014-04-07,,1.408,1.538,1.342,1.339,1.163,,0.459,,,
2014-04-14,,1.408,1.544,1.343,1.341,1.163,,0.459,,,
2014-04-21,,1.414,1.553,1.349,1.347,1.163,,0.459,,,
2014-04-28,,1.419,1.561,1.355,1.353,1.163,,0.459,,,
2014-05-05,,1.414,1.554,1.35,1.347,1.163,,0.459,,,
2014-05-12,,1.411,1.555,1.348,1.346,1.163,,0.459,,,
2014-05-19,,1.412,1.551,1.348,1.346,1.163,,0.459,,,
2014-05-26,,1.421,1.558,1.355,1.353,1.163,,0.459,,,
2014-06-02,,1.419,1.559,1.354,1.35,1.163,,0.459,,,
2014-06-09,,1.411,1.564,1.351,1.346,1.163,,0.459,,,
2014-06-16,,1.418,1.576,1.358,1.354,1.163,,0.459,,,
2014-06-23,,1.428,1.586,1.367,1.363,1.163,,0.459,,,
2014-06-30,,1.431,1.589,1.37,1.366,1.163,,0.459,,,
2014-07-07,,1.428,1.592,1.369,1.373,1.163,,0.459,,,
2014-07-14,,1.419,1.588,1.363,1.366,1.163,,0.459,,,
2014-07-21,,1.415,1.581,1.358,1.361,1.163,,0.459,,,
2014-07-28,,1.415,1.578,1.357,1.361,1.163,,0.459,,,
2014-08-04,,1.412,1.566,1.352,1.354,1.163,,0.459,,,
2014-08-11,,1.415,1.561,1.352,1.354,1.163,,0.459,,,
2014-08-18,,1.41,1.555,1.348,1.35,1.163,,0.459,,,
2014-08-25,,1.404,1.551,1.342,1.344,1.163,,0.459,,,
2014-09-01,,1.411,1.558,1.349,1.347,1.163,,0.459,,,
2014-09-08,,1.408,1.556,1.346,1.344,1.163,,0.459,,,
2014-09-15,,1.409,1.558,1.347,1.345,1.163,,0.459,,,
2014-09-22,,1.406,1.557,1.345,1.343,1.163,,0.459,,,
2014-09-29,,1.402,1.554,1.342,1.34,1.163,,0.459,,,
2014-10-06,,1.398,1.55,1.338,1.336,1.163,,0.459,,,
2014-10-13,,1.386,1.54,1.328,1.326,1.163,,0.459,,,
2014-10-20,,1.357,1.498,1.297,1.295,1.163,,0.459,,,
2014-10-27,,1.356,1.493,1.295,1.293,1.163,,0.459,,,
2014-11-03,,1.356,1.49,1.295,1.296,1.163,,0.459,,,
2014-11-10,,1.354,1.483,1.291,1.293,1.163,,0.459,,,
2014-11-17,,1.346,1.47,1.283,1.285,1.163,,0.459,,,
2014-11-24,,1.333,1.463,1.272,1.274,1.163,,0.459,,,
2014-12-01,,1.316,1.445,1.256,1.259,1.163,,0.459,,,
2014-12-08,,1.293,1.417,1.233,1.236,1.163,,0.459,,,
2014-12-15,,1.261,1.378,1.202,1.205,1.163,,0.459,,,
2015-01-05,,1.22,1.327,1.16,1.178,1.163,,0.459,,,
2015-01-12,,1.196,1.301,1.137,1.155,1.163,,0.459,,,
2015-01-19,,1.177,1.286,1.12,1.138,1.163,,0.459,,,
2015-01-26,,1.18,1.291,1.124,1.141,1.163,,0.459,,,
2015-02-02,,1.185,1.294,1.128,1.14,1.163,,0.459,,,
2015-02-09,,1.219,1.329,1.16,1.172,1.163,,0.459,,,
2015-02-16,,1.244,1.35,1.182,1.195,1.163,,0.459,,,
2015-02-23,,1.265,1.366,1.2,1.213,1.163,,0.459,,,
2015-03-02,,1.279,1.384,1.214,1.216,1.163,,0.459,,,
2015-03-09,,1.289,1.407,1.227,1.229,1.163,,0.459,,,
2015-03-16,,1.292,1.422,1.232,1.234,1.163,,0.459,,,
2015-03-23,,1.273,1.414,1.218,1.22,1.163,,0.459,,,
2015-03-30,,1.272,1.423,1.22,1.221,1.163,,0.459,,,
2015-04-13,,1.273,1.431,1.222,1.219,1.163,,0.459,,,
2015-04-20,,1.292,1.449,1.24,1.236,1.163,,0.459,,,
2015-04-27,,1.306,1.465,1.253,1.249,1.163,,0.459,,,
2015-05-04,,1.305,1.465,1.253,1.245,1.163,,0.459,,,
2015-05-11,,1.315,1.475,1.262,1.254,1.163,,0.459,,,
2015-05-18,,1.312,1.471,1.259,1.251,1.163,,0.459,,,
2015-05-25,,1.317,1.48,1.265,1.257,1.163,,0.459,,,
2015-06-01,,1.311,1.476,1.26,1.252,1.163,,0.459,,,
2015-06-08,,1.305,1.474,1.255,1.247,1.163,,0.459,,,
2015-06-15,,1.302,1.485,1.256,1.248,1.163,,0.459,,,
2015-06-22,,1.301,1.492,1.257,1.249,1.163,,0.459,,,
2015-06-29,,1.298,1.488,1.254,1.246,1.163,,0.459,,,
2015-07-06,,1.293,1.492,1.252,1.25,1.163,,0.459,,,
2015-07-13,,1.282,1.501,1.247,1.245,1.163,,0.459,,,
2015-07-20,,1.276,1.497,1.242,1.24,1.163,,0.459,,,
2015-07-27,,1.259,1.481,1.226,1.224,1.163,,0.459,,,
2015-08-03,,1.243,1.472,1.214,1.212,1.163,,0.459,,,
2015-08-10,,1.229,1.455,1.2,1.198,1.163,,0.459,,,
2015-08-17,,1.216,1.437,1.186,1.185,1.163,,0.459,,,
2015-08-24,,1.197,1.399,1.164,1.162,1.163,,0.459,,,
2015-08-31,,1.175,1.367,1.141,1.139,1.163,,0.459,,,
2015-09-07,,1.187,1.368,1.149,1.146,1.163,,0.459,,,
2015-09-14,,1.193,1.367,1.153,1.149,1.163,,0.459,,,
2015-09-21,,1.188,1.36,1.147,1.144,1.163,,0.459,,,
2015-09-28,,1.179,1.342,1.137,1.133,1.163,,0.459,,,
2015-10-05,,1.178,1.333,1.134,1.129,1.163,,0.459,,,
2015-10-12,,1.186,1.338,1.14,1.136,1.163,,0.459,,,
2015-10-19,,1.175,1.328,1.131,1.126,1.163,,0.459,,,
2015-10-26,,1.169,1.321,1.125,1.12,1.163,,0.459,,,
2015-11-02,,1.173,1.325,1.128,1.128,1.163,,0.459,,,
2015-11-09,,1.184,1.337,1.139,1.139,1.163,,0.459,,,
2015-11-16,,1.187,1.342,1.142,1.142,1.163,,0.459,,,
2015-11-23,,1.179,1.335,1.135,1.135,1.163,,0.459,,,
2015-11-30,,1.177,1.336,1.134,1.134,1.163,,0.459,,,
2015-12-07,,1.162,1.325,1.121,1.121,1.163,,0.459,,,
2015-12-14,,1.129,1.3,1.092,1.092,1.163,,0.459,,,
2015-12-21,,1.116,1.293,1.082,1.082,1.163,,0.459,,,
2015-12-28,,1.103,1.286,1.072,1.072,1.163,,0.459,,,
2016-01-04,,1.09,1.279,1.059,1.072,1.163,,0.459,,,
2016-01-11,,1.081,1.272,1.051,1.064,1.163,,0.459,,,
2016-01-18,,1.053,1.249,1.027,1.039,1.163,,0.459,,,
2016-01-25,,1.036,1.246,1.014,1.027,1.163,,0.459,,,
2016-02-01,,1.039,1.248,1.017,1.028,1.163,,0.459,,,
2016-02-08,,1.044,1.238,1.017,1.028,1.163,,0.459,,,
2016-02-15,,1.029,1.21,1,1.011,1.163,,0.459,,,
2016-02-22,,1.041,1.213,1.009,1.02,1.163,,0.459,,,
2016-02-29,,1.044,1.212,1.011,1.022,1.163,,0.459,,,
2016-03-07,,1.059,1.222,1.023,1.025,1.163,,0.459,,,
2016-03-14,,1.082,1.24,1.043,1.045,1.163,,0.459,,,
2016-03-21,,1.089,1.247,1.05,1.051,1.163,,0.459,,,
2016-03-28,,1.086,1.259,1.051,1.053,1.163,,0.459,,,
2016-04-04,,1.084,1.27,1.053,1.051,1.163,,0.459,,,
2016-04-11,,1.071,1.27,1.044,1.042,1.163,,0.459,,,
2016-04-18,,1.087,1.286,1.059,1.057,1.163,,0.459,,,
2016-04-25,,1.101,1.3,1.072,1.07,1.163,,0.459,,,
2016-05-02,,1.116,1.309,1.084,1.078,1.163,,0.459,,,
2016-05-09,,1.116,1.304,1.083,1.077,1.163,,0.459,,,
2016-05-16,,1.123,1.309,1.089,1.083,1.163,,0.459,,,
2016-05-23,,1.142,1.324,1.105,1.099,1.163,,0.459,,,
2016-05-30,,1.167,1.344,1.127,1.121,1.163,,0.459,,,
2016-06-06,,1.169,1.343,1.128,1.12,1.163,,0.459,,,
2016-06-13,,1.167,1.336,1.125,1.116,1.163,,0.459,,,
2016-06-20,,1.164,1.333,1.122,1.113,1.163,,0.459,,,
2016-06-27,,1.153,1.322,1.112,1.103,1.163,,0.459,,,
2016-07-04,,1.152,1.318,1.111,1.107,1.163,,0.459,,,
2016-07-11,,1.142,1.299,1.099,1.095,1.163,,0.459,,,
2016-07-18,,1.14,1.297,1.097,1.093,1.163,,0.459,,,
2016-07-25,,1.136,1.291,1.093,1.089,1.163,,0.459,,,
2016-08-01,,1.119,1.278,1.078,1.074,1.163,,0.459,,,
2016-08-08,,1.108,1.27,1.069,1.064,1.163,,0.459,,,
2016-08-15,,1.111,1.268,1.07,1.066,1.163,,0.459,,,
2016-08-22,,1.129,1.282,1.086,1.081,1.163,,0.459,,,
2016-08-29,,1.141,1.293,1.096,1.092,1.163,,0.459,,,
2016-09-05,,1.138,1.291,1.094,1.086,1.163,,0.459,,,
2016-09-12,,1.141,1.299,1.098,1.09,1.163,,0.459,,,
2016-09-19,,1.135,1.295,1.093,1.085,1.163,,0.459,,,
2016-09-26,,1.134,1.29,1.092,1.084,1.163,,0.459,,,
2016-10-03,,1.14,1.295,1.097,1.087,1.163,,0.459,,,
2016-10-10,,1.153,1.302,1.107,1.097,1.163,,0.459,,,
2016-10-17,,1.166,1.307,1.117,1.107,1.163,,0.459,,,
2016-10-24,,1.174,1.314,1.125,1.114,1.163,,0.459,,,
2016-10-31,,1.175,1.313,1.125,1.114,1.163,,0.459,,,
2016-11-07,,1.167,1.309,1.119,1.111,1.163,,0.459,,,
2016-11-14,,1.159,1.305,1.112,1.104,1.163,,0.459,,,
2016-11-21,,1.157,1.299,1.109,1.102,1.163,,0.459,,,
2016-11-28,,1.171,1.31,1.121,1.114,1.163,,0.459,,,
2016-12-05,,1.185,1.325,1.134,1.121,1.163,,0.459,,,
2016-12-12,,1.201,1.339,1.149,1.136,1.163,,0.459,,,
2016-12-19,,1.217,1.352,1.163,1.15,1.163,,0.459,,,
2017-01-02,,1.235,1.371,1.179,1.174,1.163,,0.459,,,
2017-01-09,,1.247,1.377,1.19,1.184,1.163,,0.459,,,
2017-01-16,,1.241,1.373,1.184,1.179,1.163,,0.459,,,
2017-01-23,,1.24,1.378,1.185,1.179,1.163,,0.459,,,
2017-01-30,,1.244,1.384,1.189,1.184,1.163,,0.459,,,
2017-02-06,,1.243,1.385,1.189,1.178,1.163,,0.459,,,
2017-02-13,,1.246,1.391,1.192,1.182,1.163,,0.459,,,
2017-02-20,,1.247,1.393,1.193,1.183,1.163,,0.459,,,
2017-02-27,,1.248,1.392,1.194,1.184,1.163,,0.459,,,
2017-03-06,,1.245,1.382,1.189,1.171,1.163,,0.459,,,
2017-03-13,,1.236,1.37,1.18,1.162,1.163,,0.459,,,
2017-03-20,,1.222,1.356,1.167,1.149,1.163,,0.459,,,
2017-03-27,,1.212,1.349,1.158,1.141,1.163,,0.459,,,
2017-04-03,,1.214,1.361,1.163,1.138,1.163,,0.459,,,
2017-04-10,,1.227,1.375,1.175,1.15,1.163,,0.459,,,
2017-04-24,,1.238,1.388,1.186,1.161,1.163,,0.459,,,
2017-05-01,,1.227,1.378,1.176,1.151,1.163,,0.459,,,
2017-05-08,,1.21,1.361,1.16,1.135,1.163,,0.459,,,
2017-05-15,,1.199,1.353,1.151,1.126,1.163,,0.459,,,
2017-05-22,,1.198,1.351,1.15,1.125,1.163,,0.459,,,
2017-05-29,,1.2,1.35,1.151,1.126,1.163,,0.459,,,
2017-06-05,,1.194,1.346,1.146,1.12,1.163,,0.459,,,
2017-06-12,,1.174,1.332,1.129,1.103,1.163,,0.459,,,
2017-06-19,,1.167,1.325,1.122,1.097,1.163,,0.459,,,
2017-06-26,,1.157,1.314,1.113,1.088,1.163,,0.459,,,
2017-07-03,,1.155,1.312,1.111,1.09,1.163,,0.459,,,
2017-07-10,,1.161,1.311,1.115,1.093,1.163,,0.459,,,
2017-07-17,,1.164,1.315,1.118,1.096,1.163,,0.459,,,
2017-07-24,,1.164,1.313,1.117,1.096,1.163,,0.459,,,
2017-07-31,,1.166,1.315,1.119,1.098,1.163,,0.459,,,
2017-08-07,,1.177,1.319,1.127,1.103,1.163,,0.459,,,
2017-08-14,,1.178,1.321,1.129,1.105,1.163,,0.459,,,
2017-08-21,,1.174,1.319,1.125,1.101,1.163,,0.459,,,
2017-08-28,,1.173,1.321,1.125,1.101,1.163,,0.459,,,
2017-09-04,,1.18,1.339,1.135,1.107,1.163,,0.459,,,
2017-09-11,,1.196,1.354,1.149,1.121,1.163,,0.459,,,
2017-09-18,,1.203,1.356,1.155,1.126,1.163,,0.459,,,
2017-09-25,,1.211,1.354,1.159,1.131,1.163,,0.459,,,
2017-10-02,,1.221,1.349,1.164,1.135,1.163,,0.459,,,
2017-10-09,,1.22,1.342,1.163,1.133,1.163,,0.459,,,
2017-10-16,,1.218,1.341,1.16,1.131,1.163,,0.459,,,
2017-10-23,,1.22,1.339,1.161,1.132,1.163,,0.459,,,
2017-10-30,,1.225,1.349,1.167,1.137,1.163,,0.459,,,
2017-11-06,,1.236,1.364,1.178,1.15,1.163,,0.459,,,
2017-11-13,,1.239,1.365,1.181,1.152,1.163,,0.459,,,
2017-11-20,,1.246,1.367,1.186,1.157,1.163,,0.459,,,
2017-11-27,,1.246,1.366,1.185,1.157,1.163,,0.459,,,
2017-12-04,,1.247,1.366,1.186,1.154,1.163,,0.459,,,
2017-12-11,,1.242,1.359,1.181,1.149,1.163,,0.459,,,
2017-12-18,,1.248,1.363,1.187,1.154,1.163,,0.459,,,
2018-01-01,,1.26,1.375,1.197,1.173,1.163,,0.459,,,
2018-01-08,,1.283,1.382,1.215,1.191,1.163,,0.459,,,
2018-01-15,,1.283,1.38,1.214,1.19,1.163,,0.459,,,
2018-01-22,,1.285,1.384,1.216,1.192,1.163,,0.459,,,
2018-01-29,,1.287,1.391,1.219,1.195,1.163,,0.459,,,
2018-02-05,,1.284,1.388,1.217,1.19,1.163,,0.459,,,
2018-02-12,,1.273,1.378,1.207,1.18,1.163,,0.459,,,
2018-02-19,,1.257,1.363,1.192,1.166,1.163,,0.459,,,
2018-02-26,,1.259,1.361,1.193,1.166,1.163,,0.459,,,
2018-03-05,,1.258,1.356,1.191,1.155,1.163,,0.459,,,
2018-03-12,,1.253,1.349,1.186,1.15,1.163,,0.459,,,
2018-03-19,,1.255,1.352,1.188,1.152,1.163,,0.459,,,
2018-03-26,,1.266,1.358,1.197,1.161,1.163,,0.459,,,
2018-04-09,,1.278,1.383,1.212,1.169,1.163,,0.459,,,
2018-04-16,,1.291,1.396,1.224,1.181,1.163,,0.459,,,
2018-04-23,,1.297,1.401,1.229,1.186,1.163,,0.459,,,
2018-04-30,,1.309,1.412,1.239,1.196,1.163,,0.459,,,
2018-05-07,,1.316,1.419,1.246,1.195,1.163,,0.459,,,
2018-05-14,,1.333,1.437,1.263,1.211,1.163,,0.459,,,
2018-05-21,,1.356,1.461,1.284,1.232,1.163,,0.459,,,
2018-05-28,,1.371,1.474,1.297,1.244,1.163,,0.459,,,
2018-06-04,,1.374,1.476,1.3,1.244,1.163,,0.459,,,
2018-06-11,,1.363,1.467,1.29,1.236,1.163,,0.459,,,
2018-06-18,,1.359,1.461,1.286,1.231,1.163,,0.459,,,
2018-06-25,,1.35,1.452,1.278,1.223,1.163,,0.459,,,
2018-07-02,,1.35,1.453,1.277,1.226,1.163,,0.459,,,
2018-07-09,,1.355,1.458,1.282,1.23,1.163,,0.459,,,
2018-07-16,,1.354,1.459,1.282,1.23,1.163,,0.459,,,
2018-07-23,,1.345,1.451,1.274,1.222,1.163,,0.459,,,
2018-07-30,,1.349,1.459,1.279,1.227,1.163,,0.459,,,
2018-08-06,,1.352,1.466,1.282,1.228,1.163,,0.459,,,
2018-08-13,,1.352,1.465,1.282,1.228,1.163,,0.459,,,
2018-08-20,,1.355,1.465,1.284,1.23,1.163,,0.459,,,
2018-08-27,,1.358,1.468,1.287,1.232,1.163,,0.459,,,
2018-09-03,,1.365,1.473,1.293,1.234,1.163,,0.459,,,
